,User,Partition,Type
0,algore,1,p
1,ludacris,0,c
2,whowhatwear,0,m
3,billboard,0,m
4,eminem,1,c
5,thehill,0,m
6,mashable,1,m
7,leodicaprio,0,c
8,borisjohnson,0,p
9,ciara,1,c
10,thereval,1,p
11,newsweek,1,m
12,marcorubio,1,p
13,johnkasich,1,p
14,tgowdysc,1,p
15,digg,0,m
16,nikkihaley,1,p
17,freedomworks,0,p
18,sengillibrand,2,p
19,jessicasimpson,0,c
20,kyliejenner,0,c
21,beyonce,0,c
22,kendricklamar,1,c
23,austinmahone,0,c
24,bobbyjindal,1,p
25,salahitareq,1,p
26,nickiminaj,0,c
27,chrisbrown,0,c
28,billclinton,1,p
29,channingtatum,1,c
30,foxsports,0,m
31,travelleisure,1,m
32,corybooker,0,p
33,kobebryant,1,c
34,nasahqphoto,1,p
35,arianagrande,0,c
36,latimes,1,m
37,sensanders,1,p
38,teamcantor,0,p
39,danieltosh,0,c
40,carlyfiorina,0,p
41,jcolenc,0,c
42,fastcompany,1,m
43,gabbygiffords,2,p
44,thehermancain,0,p
45,jimcarrey,0,c
46,katyperry,1,c
47,kdtrey5,1,c
48,pbs,1,m
49,reince,0,p
50,vanityfair,0,m
51,aplusk,1,c
52,wsj,1,m
53,joebiden,1,p
54,lagarde,1,p
55,theatlantic,0,m
56,mcfaul,1,p
57,nickelodeontv,0,m
58,senatorreid,0,p
59,kevinhart4real,1,c
60,victoriajustice,0,c
61,allenwest,1,p
62,discovery,0,m
63,ryanseacrest,0,c
64,speakerryan,1,p
65,charliesheen,1,c
66,parentsmagazine,1,m
67,natgeophotos,0,m
68,jimmykimmel,0,c
69,georgehwbush,0,p
70,people,1,m
71,mariahcarey,2,c
72,ellemagazine,1,m
73,foxnews,0,m
74,kimkardashian,0,c
75,astro_jose,1,p
76,wwd,0,m
77,usher,0,c
78,thenextweb,1,m
79,liltunechi,0,c
80,nbc,0,m
81,gavinnewsom,1,p
82,jlo,1,c
83,iamdiddy,1,c
84,cnni,0,m
85,govmikehuckabee,1,p
86,nancypelosi,1,p
87,espnstatsinfo,0,m
88,newyorker,1,m
89,cbsnews,1,m
90,oprah,0,c
91,scottwalker,2,p
92,harvardbiz,0,m
93,maroon5,0,c
94,randpaul,1,p
95,kendalljenner,0,c
96,louisfarrakhan,0,p
97,ricksantorum,1,p
98,govchristie,1,p
99,stephenathome,0,c
100,ronpaul,1,p
101,nytimesbooks,0,m
102,taylorswift13,0,c
103,sciam,0,m
104,gov,1,m
105,parishilton,1,c
106,gop,0,p
107,speakerboehner,1,p
108,younghollywood,1,m
109,usatoday,1,m
110,billpostmus,1,p
111,hillaryclinton,0,p
112,slate,0,m
113,twitterapi,1,m
114,business,1,m
115,mirandacosgrove,1,c
116,lmfao,1,c
117,nbcnews,1,m
118,univision,0,m
119,shaq,0,c
120,treysongz,1,c
121,elizabethforma,0,p
122,stephencurry30,0,c
123,aliciakeys,1,c
124,jerrybrowngov,0,p
125,kelly_clarkson,1,c
126,tomhanks,0,c
127,usweekly,0,m
128,blakeshelton,0,c
129,hbo,0,m
130,zacefron,0,c
131,tmz,1,m
132,potus,1,p
133,donnabrazile,1,p
134,senschumer,1,p
135,nprpolitics,1,m
136,senwarren,0,p
137,selenagomez,1,c
138,kasimreed,0,p
139,housedemocrats,2,p
140,ddlovato,1,c
141,kanyewest,0,c
142,thr,0,m
143,theellenshow,1,c
144,techcrunch,0,m
145,johnlegend,1,c
146,realsimple,1,m
147,foramerica,1,p
148,rbreich,0,p
149,marieclaire,0,m
150,mileycyrus,0,c
151,repronpaul,0,p
152,mufihannemann,1,p
153,iamqueenlatifah,0,c
154,johncena,1,c
155,entrepreneur,0,m
156,nbaontnt,0,m
157,gameinformer,1,m
158,lindsaylohan,0,c
159,tyrabanks,0,c
160,politico,1,m
161,uninoticias,0,m
162,mindykaling,0,c
163,50cent,0,c
164,kourtneykardash,2,c
165,nytimesarts,0,m
166,dwstweets,1,p
167,brunomars,0,c
168,iggyazalea,1,c
169,conanobrien,1,c
170,gadgetlab,0,m
171,andersoncooper,1,c
172,sentedcruz,0,p
173,britneyspears,1,c
174,enews,0,m
175,bbcbusiness,0,m
176,npr,1,m
177,tyga,1,c
178,realbencarson,1,p
179,billdeblasio,0,p
180,actuallynph,1,c
181,timkaine,0,p
182,washingtonpost,1,m
183,cosmopolitan,1,m
184,khloekardashian,2,c
185,esquirenetwork,2,m
186,wiredscience,0,m
187,nbatv,0,m
188,jessicaalba,0,c
189,jebbush,0,p
190,womenshealthmag,1,m
191,karlrove,0,p
192,robertdowneyjr,1,c
193,johnemichel,1,p
194,realdonaldtrump,0,p
195,governorperry,1,p
196,voterocky2016,1,p
197,billgates,0,c
198,sarahpalinusa,1,p
199,joetrippi,0,p
200,ew,0,m
201,foodandwine,1,m
202,sarahksilverman,1,c
203,buzzfeed,0,m
204,fortunemagazine,1,m
205,evalongoria,0,c
206,xtina,0,c
207,azizansari,0,c
208,camerondallas,0,c
209,iamwill,0,c
210,pharrell,1,c
211,bw,0,m
212,serenawilliams,1,c
213,newtgingrich,1,p
214,govgaryjohnson,1,p
215,cntraveler,0,m
216,bet,0,m
217,history,0,m
218,senmikelee,1,p
219,therock,0,c
220,cnbc,1,m
221,thedemocrats,1,p
222,johnkerry,0,p
223,govwalker,1,p
224,darrellissa,1,p
225,sethmacfarlane,1,c
226,marcanthony,1,c
227,michelebachmann,1,p
228,tmagazine,0,m
229,dccc,0,p
230,goodhealth,0,m
231,travelchannel,0,m
232,ap,0,m
233,shawnmendes,0,c
234,snoopdogg,0,c
235,carmeloanthony,1,c
236,lukebryanonline,0,c
237,cnnmoney,0,m
238,rollingstone,1,m
239,sai,1,m
240,pryan,0,p
241,pink,0,c
242,ashleytisdale,0,c
243,joejonas,1,c
244,repjohnlewis,0,p
245,teenvogue,1,m
246,menshealthmag,0,m
247,alfranken,0,p
248,voguemagazine,2,m
249,johnkingated,1,p
250,businessinsider,1,m
251,lindasuhler,0,p
252,jtimberlake,1,c
253,mittromney,1,p
254,jimdemint,0,p
255,comedycentral,1,m
256,massgovernor,0,p
257,inc,0,m
258,bigsean,1,c
259,tedcruz,1,p
260,bishopnoeljones,1,p
261,nytimes,1,m
262,krisjenner,1,c
263,jasoninthehouse,0,p
264,sciencechannel,0,m
265,kingjames,1,c
266,espndeportes,1,m
267,madam_president,0,p
268,ladygaga,1,c
269,parenting,1,m
270,ambassadorrice,1,p
271,abc,0,m
272,wired,1,m
273,nytimesworld,1,m
274,wizkhalifa,1,c
275,senjohnmccain,1,p
276,weatherchannel,1,m
277,stevemartintogo,1,c
278,ericgarcetti,1,p
279,barackobama,0,p
280,davidaxelrod,1,p
281,condoleezzarice,1,p
282,ericcantor,1,p
283,wendydavis,0,p
284,nflnetwork,1,m
285,nickjonas,0,c
286,life,0,m
287,jimmyfallon,0,c
288,jeffarazzi,1,p
289,chrischristie,0,p
290,justinbieber,1,c
291,natgeotravel,1,m
292,preetbharara,0,p
293,berniesanders,0,p
294,pitbull,0,c
295,tppatriots,0,p
296,marketwatch,0,m
297,marvel,0,m
