,User,Partition,Type
0,algore,2,p
1,ludacris,1,c
2,whowhatwear,1,m
3,billboard,1,m
4,eminem,1,c
5,thehill,2,m
6,mashable,1,m
7,leodicaprio,2,c
8,borisjohnson,1,p
9,ciara,1,c
10,thereval,2,p
11,newsweek,2,m
12,marcorubio,2,p
13,johnkasich,2,p
14,tgowdysc,2,p
15,digg,1,m
16,nikkihaley,2,p
17,freedomworks,2,p
18,sengillibrand,2,p
19,jessicasimpson,1,c
20,kyliejenner,0,c
21,beyonce,1,c
22,kendricklamar,1,c
23,austinmahone,1,c
24,bobbyjindal,2,p
25,salahitareq,1,p
26,nickiminaj,1,c
27,chrisbrown,1,c
28,billclinton,2,p
29,channingtatum,1,c
30,foxsports,3,m
31,travelleisure,2,m
32,corybooker,2,p
33,kobebryant,3,c
34,nasahqphoto,1,p
35,arianagrande,1,c
36,latimes,2,m
37,sensanders,2,p
38,teamcantor,2,p
39,danieltosh,1,c
40,carlyfiorina,2,p
41,jcolenc,1,c
42,fastcompany,1,m
43,gabbygiffords,2,p
44,thehermancain,2,p
45,jimcarrey,1,c
46,katyperry,1,c
47,kdtrey5,3,c
48,pbs,2,m
49,reince,2,p
50,vanityfair,1,m
51,aplusk,1,c
52,wsj,2,m
53,joebiden,2,p
54,lagarde,2,p
55,theatlantic,2,m
56,mcfaul,2,p
57,nickelodeontv,1,m
58,senatorreid,2,p
59,kevinhart4real,1,c
60,victoriajustice,1,c
61,allenwest,2,p
62,discovery,1,m
63,ryanseacrest,1,c
64,speakerryan,2,p
65,charliesheen,1,c
66,parentsmagazine,1,m
67,natgeophotos,1,m
68,jimmykimmel,1,c
69,georgehwbush,2,p
70,people,1,m
71,mariahcarey,1,c
72,ellemagazine,1,m
73,foxnews,2,m
74,kimkardashian,0,c
75,astro_jose,2,p
76,wwd,0,m
77,usher,1,c
78,thenextweb,2,m
79,liltunechi,1,c
80,nbc,1,m
81,gavinnewsom,2,p
82,jlo,1,c
83,iamdiddy,1,c
84,cnni,2,m
85,govmikehuckabee,2,p
86,nancypelosi,2,p
87,espnstatsinfo,3,m
88,newyorker,2,m
89,cbsnews,2,m
90,oprah,1,c
91,scottwalker,2,p
92,harvardbiz,1,m
93,maroon5,1,c
94,randpaul,2,p
95,kendalljenner,0,c
96,louisfarrakhan,1,p
97,ricksantorum,2,p
98,govchristie,1,p
99,stephenathome,1,c
100,ronpaul,2,p
101,nytimesbooks,2,m
102,taylorswift13,1,c
103,sciam,2,m
104,gov,2,m
105,parishilton,1,c
106,gop,2,p
107,speakerboehner,2,p
108,younghollywood,1,m
109,usatoday,2,m
110,billpostmus,2,p
111,hillaryclinton,2,p
112,slate,2,m
113,twitterapi,1,m
114,business,1,m
115,mirandacosgrove,1,c
116,lmfao,1,c
117,nbcnews,2,m
118,univision,2,m
119,shaq,3,c
120,treysongz,1,c
121,elizabethforma,2,p
122,stephencurry30,3,c
123,aliciakeys,1,c
124,jerrybrowngov,2,p
125,kelly_clarkson,1,c
126,tomhanks,1,c
127,usweekly,1,m
128,blakeshelton,1,c
129,hbo,1,m
130,zacefron,1,c
131,tmz,1,m
132,potus,2,p
133,donnabrazile,2,p
134,senschumer,2,p
135,nprpolitics,2,m
136,senwarren,2,p
137,selenagomez,1,c
138,kasimreed,2,p
139,housedemocrats,2,p
140,ddlovato,1,c
141,kanyewest,0,c
142,thr,1,m
143,theellenshow,1,c
144,techcrunch,1,m
145,johnlegend,1,c
146,realsimple,1,m
147,foramerica,2,p
148,rbreich,2,p
149,marieclaire,1,m
150,mileycyrus,1,c
151,repronpaul,1,p
152,mufihannemann,2,p
153,iamqueenlatifah,1,c
154,johncena,1,c
155,entrepreneur,1,m
156,nbaontnt,3,m
157,gameinformer,2,m
158,lindsaylohan,1,c
159,tyrabanks,1,c
160,politico,2,m
161,uninoticias,2,m
162,mindykaling,1,c
163,50cent,1,c
164,kourtneykardash,0,c
165,nytimesarts,1,m
166,dwstweets,2,p
167,brunomars,1,c
168,iggyazalea,1,c
169,conanobrien,1,c
170,gadgetlab,1,m
171,andersoncooper,2,c
172,sentedcruz,2,p
173,britneyspears,1,c
174,enews,1,m
175,bbcbusiness,2,m
176,npr,1,m
177,tyga,1,c
178,realbencarson,2,p
179,billdeblasio,2,p
180,actuallynph,1,c
181,timkaine,2,p
182,washingtonpost,2,m
183,cosmopolitan,0,m
184,khloekardashian,0,c
185,esquirenetwork,1,m
186,wiredscience,1,m
187,nbatv,3,m
188,jessicaalba,1,c
189,jebbush,2,p
190,womenshealthmag,1,m
191,karlrove,2,p
192,robertdowneyjr,1,c
193,johnemichel,1,p
194,realdonaldtrump,2,p
195,governorperry,2,p
196,voterocky2016,2,p
197,billgates,1,c
198,sarahpalinusa,2,p
199,joetrippi,2,p
200,ew,1,m
201,foodandwine,1,m
202,sarahksilverman,2,c
203,buzzfeed,2,m
204,fortunemagazine,1,m
205,evalongoria,2,c
206,xtina,1,c
207,azizansari,1,c
208,camerondallas,1,c
209,iamwill,1,c
210,pharrell,1,c
211,bw,1,m
212,serenawilliams,1,c
213,newtgingrich,2,p
214,govgaryjohnson,2,p
215,cntraveler,1,m
216,bet,1,m
217,history,1,m
218,senmikelee,2,p
219,therock,1,c
220,cnbc,2,m
221,thedemocrats,2,p
222,johnkerry,2,p
223,govwalker,1,p
224,darrellissa,2,p
225,sethmacfarlane,2,c
226,marcanthony,1,c
227,michelebachmann,2,p
228,tmagazine,1,m
229,dccc,2,p
230,goodhealth,0,m
231,travelchannel,1,m
232,ap,2,m
233,shawnmendes,1,c
234,snoopdogg,1,c
235,carmeloanthony,3,c
236,lukebryanonline,1,c
237,cnnmoney,2,m
238,rollingstone,1,m
239,sai,2,m
240,pryan,2,p
241,pink,1,c
242,ashleytisdale,1,c
243,joejonas,1,c
244,repjohnlewis,2,p
245,teenvogue,2,m
246,menshealthmag,1,m
247,alfranken,2,p
248,voguemagazine,0,m
249,johnkingated,2,p
250,businessinsider,2,m
251,lindasuhler,2,p
252,jtimberlake,1,c
253,mittromney,2,p
254,jimdemint,2,p
255,comedycentral,1,m
256,massgovernor,2,p
257,inc,1,m
258,bigsean,1,c
259,tedcruz,2,p
260,bishopnoeljones,2,p
261,nytimes,2,m
262,krisjenner,0,c
263,jasoninthehouse,2,p
264,sciencechannel,1,m
265,kingjames,3,c
266,espndeportes,3,m
267,madam_president,2,p
268,ladygaga,1,c
269,parenting,1,m
270,ambassadorrice,2,p
271,abc,2,m
272,wired,1,m
273,nytimesworld,1,m
274,wizkhalifa,1,c
275,senjohnmccain,2,p
276,weatherchannel,2,m
277,stevemartintogo,1,c
278,ericgarcetti,2,p
279,barackobama,2,p
280,davidaxelrod,2,p
281,condoleezzarice,2,p
282,ericcantor,2,p
283,wendydavis,2,p
284,nflnetwork,1,m
285,nickjonas,1,c
286,life,2,m
287,jimmyfallon,1,c
288,jeffarazzi,1,p
289,chrischristie,2,p
290,justinbieber,1,c
291,natgeotravel,1,m
292,preetbharara,2,p
293,berniesanders,2,p
294,pitbull,1,c
295,tppatriots,2,p
296,marketwatch,2,m
297,marvel,1,m
