,User,Partition,Type
0,algore,1,p
1,jlo,1,c
2,ludacris,0,c
3,chrisbrown,0,c
4,channingtatum,1,c
5,thehill,0,m
6,mashable,2,m
7,leodicaprio,0,c
8,ciara,1,c
9,thereval,3,p
10,newsweek,3,m
11,marcorubio,1,p
12,johnkasich,1,p
13,tgowdysc,2,p
14,digg,1,m
15,freedomworks,0,p
16,sengillibrand,0,p
17,jessicasimpson,0,c
18,kyliejenner,0,c
19,beyonce,3,c
20,kendricklamar,0,c
21,austinmahone,3,c
22,bobbyjindal,0,p
23,nickiminaj,1,c
24,billclinton,1,p
25,foxsports,0,m
26,travelleisure,1,m
27,corybooker,0,p
28,kobebryant,3,c
29,arianagrande,0,c
30,tedcruz,3,p
31,tomhanks,3,c
32,sensanders,0,p
33,teamcantor,0,p
34,govwalker,1,p
35,jcolenc,2,c
36,gabbygiffords,0,p
37,thehermancain,1,p
38,gov,1,m
39,katyperry,3,c
40,kdtrey5,1,c
41,govchristie,0,p
42,reince,1,p
43,victoriajustice,3,c
44,aplusk,1,c
45,wsj,2,m
46,joebiden,0,p
47,nickelodeontv,0,m
48,senatorreid,1,p
49,kevinhart4real,0,c
50,vanityfair,1,m
51,allenwest,0,p
52,ryanseacrest,2,c
53,speakerryan,1,p
54,charliesheen,0,c
55,natgeophotos,0,m
56,lindsaylohan,0,c
57,people,1,m
58,mariahcarey,1,c
59,ellemagazine,0,m
60,foxnews,1,m
61,kimkardashian,1,c
62,astro_jose,0,p
63,wwd,1,m
64,usher,0,c
65,liltunechi,1,c
66,billboard,0,m
67,gavinnewsom,0,p
68,rollingstone,1,m
69,iamdiddy,3,c
70,govmikehuckabee,2,p
71,nancypelosi,1,p
72,abc,1,m
73,cbsnews,0,m
74,oprah,3,c
75,scottwalker,1,p
76,tmz,0,m
77,randpaul,0,p
78,kendalljenner,3,c
79,ricksantorum,0,p
80,stephenathome,0,c
81,ronpaul,0,p
82,xtina,0,c
83,repjohnlewis,2,p
84,taylorswift13,0,c
85,jimcarrey,3,c
86,parishilton,2,c
87,gop,1,p
88,speakerboehner,1,p
89,usatoday,3,m
90,hillaryclinton,0,p
91,slate,1,m
92,business,0,m
93,uninoticias,1,m
94,lmfao,1,c
95,nbcnews,1,m
96,univision,3,m
97,elizabethforma,0,p
98,treysongz,3,c
99,stephencurry30,0,c
100,aliciakeys,0,c
101,jerrybrowngov,1,p
102,kelly_clarkson,1,c
103,kasimreed,1,p
104,blakeshelton,0,c
105,hbo,1,m
106,zacefron,0,c
107,potus,3,p
108,donnabrazile,3,p
109,senschumer,2,p
110,stevemartintogo,1,c
111,senwarren,0,p
112,selenagomez,1,c
113,housedemocrats,0,p
114,ddlovato,0,c
115,kanyewest,0,c
116,thr,0,m
117,theellenshow,3,c
118,johnlegend,3,c
119,foramerica,1,p
120,rbreich,0,p
121,marieclaire,0,m
122,mileycyrus,0,c
123,mufihannemann,2,p
124,iamqueenlatifah,0,c
125,johncena,1,c
126,nbaontnt,0,m
127,jimmykimmel,0,c
128,tyrabanks,0,c
129,politico,1,m
130,mirandacosgrove,1,c
131,mindykaling,0,c
132,50cent,0,c
133,kourtneykardash,0,c
134,dwstweets,3,p
135,brunomars,0,c
136,andersoncooper,0,c
137,conanobrien,1,c
138,gadgetlab,1,m
139,iggyazalea,1,c
140,sentedcruz,1,p
141,britneyspears,0,c
142,enews,0,m
143,npr,3,m
144,jtimberlake,3,c
145,actuallynph,0,c
146,darrellissa,1,p
147,ericcantor,1,p
148,cosmopolitan,1,m
149,khloekardashian,0,c
150,wiredscience,2,m
151,nbatv,1,m
152,dccc,0,p
153,jessicaalba,0,c
154,jebbush,3,p
155,womenshealthmag,1,m
156,karlrove,1,p
157,robertdowneyjr,1,c
158,realdonaldtrump,1,p
159,governorperry,1,p
160,voterocky2016,1,p
161,billgates,1,c
162,sarahpalinusa,0,p
163,whowhatwear,3,m
164,joetrippi,1,p
165,pharrell,0,c
166,ap,0,m
167,sarahksilverman,0,c
168,buzzfeed,0,m
169,fortunemagazine,0,m
170,evalongoria,0,c
171,tyga,0,c
172,azizansari,0,c
173,snoopdogg,0,c
174,iamwill,0,c
175,younghollywood,1,m
176,serenawilliams,1,c
177,newtgingrich,1,p
178,govgaryjohnson,1,p
179,realbencarson,1,p
180,bet,0,m
181,senmikelee,1,p
182,therock,1,c
183,cnbc,3,m
184,thedemocrats,3,p
185,johnkerry,1,p
186,sethmacfarlane,2,c
187,michelebachmann,1,p
188,washingtonpost,1,m
189,goodhealth,1,m
190,nbc,1,m
191,shawnmendes,0,c
192,camerondallas,0,c
193,carmeloanthony,1,c
194,lukebryanonline,3,c
195,nikkihaley,0,p
196,natgeotravel,0,m
197,voguemagazine,1,m
198,pryan,0,p
199,pink,0,c
200,ashleytisdale,0,c
201,joejonas,0,c
202,marcanthony,0,c
203,teenvogue,1,m
204,menshealthmag,2,m
205,alfranken,0,p
206,johnkingated,1,p
207,businessinsider,0,m
208,mittromney,3,p
209,jimdemint,2,p
210,comedycentral,1,m
211,bigsean,0,c
212,latimes,2,m
213,nytimes,1,m
214,krisjenner,2,c
215,jasoninthehouse,1,p
216,kingjames,1,c
217,ladygaga,0,c
218,parenting,0,m
219,ambassadorrice,0,p
220,shaq,1,c
221,wired,3,m
222,newyorker,1,m
223,wizkhalifa,1,c
224,senjohnmccain,0,p
225,timkaine,2,p
226,ericgarcetti,1,p
227,barackobama,1,p
228,davidaxelrod,1,p
229,condoleezzarice,3,p
230,wendydavis,0,p
231,nickjonas,3,c
232,jimmyfallon,0,c
233,cntraveler,0,m
234,justinbieber,1,c
235,sciencechannel,2,m
236,carlyfiorina,1,p
237,berniesanders,3,p
238,pitbull,0,c
239,tppatriots,0,p
240,marvel,1,m
241,chrischristie,1,p
242,ew,1,m
