,User,Partition,Type
0,algore,0,p
1,jlo,2,c
2,ludacris,2,c
3,chrisbrown,2,c
4,channingtatum,1,c
5,thehill,2,m
6,mashable,0,m
7,leodicaprio,2,c
8,ciara,1,c
9,thereval,1,p
10,newsweek,0,m
11,marcorubio,1,p
12,johnkasich,1,p
13,tgowdysc,0,p
14,digg,1,m
15,freedomworks,2,p
16,sengillibrand,2,p
17,jessicasimpson,2,c
18,kyliejenner,2,c
19,beyonce,1,c
20,kendricklamar,2,c
21,austinmahone,1,c
22,bobbyjindal,2,p
23,nickiminaj,0,c
24,billclinton,1,p
25,foxsports,2,m
26,travelleisure,1,m
27,corybooker,2,p
28,kobebryant,1,c
29,arianagrande,3,c
30,tedcruz,0,p
31,tomhanks,1,c
32,sensanders,2,p
33,teamcantor,2,p
34,govwalker,1,p
35,jcolenc,0,c
36,gabbygiffords,2,p
37,thehermancain,2,p
38,gov,1,m
39,katyperry,1,c
40,kdtrey5,1,c
41,govchristie,2,p
42,reince,1,p
43,victoriajustice,1,c
44,aplusk,2,c
45,wsj,0,m
46,joebiden,2,p
47,nickelodeontv,3,m
48,senatorreid,1,p
49,kevinhart4real,2,c
50,vanityfair,1,m
51,allenwest,2,p
52,ryanseacrest,1,c
53,speakerryan,1,p
54,charliesheen,2,c
55,natgeophotos,2,m
56,lindsaylohan,2,c
57,people,2,m
58,mariahcarey,1,c
59,ellemagazine,2,m
60,foxnews,1,m
61,kimkardashian,1,c
62,astro_jose,2,p
63,wwd,1,m
64,usher,2,c
65,liltunechi,1,c
66,billboard,2,m
67,gavinnewsom,2,p
68,rollingstone,1,m
69,iamdiddy,1,c
70,govmikehuckabee,0,p
71,nancypelosi,1,p
72,abc,1,m
73,cbsnews,2,m
74,oprah,1,c
75,scottwalker,1,p
76,tmz,2,m
77,randpaul,2,p
78,kendalljenner,1,c
79,ricksantorum,2,p
80,stephenathome,2,c
81,ronpaul,2,p
82,xtina,2,c
83,repjohnlewis,0,p
84,taylorswift13,2,c
85,jimcarrey,1,c
86,parishilton,0,c
87,gop,1,p
88,speakerboehner,3,p
89,usatoday,1,m
90,hillaryclinton,2,p
91,slate,1,m
92,business,2,m
93,uninoticias,1,m
94,lmfao,1,c
95,nbcnews,2,m
96,univision,1,m
97,elizabethforma,2,p
98,treysongz,1,c
99,stephencurry30,2,c
100,aliciakeys,2,c
101,jerrybrowngov,1,p
102,kelly_clarkson,3,c
103,kasimreed,1,p
104,blakeshelton,2,c
105,hbo,1,m
106,zacefron,3,c
107,potus,1,p
108,donnabrazile,1,p
109,senschumer,0,p
110,stevemartintogo,0,c
111,senwarren,2,p
112,selenagomez,1,c
113,housedemocrats,2,p
114,ddlovato,2,c
115,kanyewest,2,c
116,thr,1,m
117,theellenshow,1,c
118,johnlegend,1,c
119,foramerica,3,p
120,rbreich,2,p
121,marieclaire,2,m
122,mileycyrus,2,c
123,mufihannemann,0,p
124,iamqueenlatifah,2,c
125,johncena,0,c
126,nbaontnt,2,m
127,jimmykimmel,2,c
128,tyrabanks,2,c
129,politico,0,m
130,mirandacosgrove,0,c
131,mindykaling,2,c
132,50cent,2,c
133,kourtneykardash,2,c
134,dwstweets,1,p
135,brunomars,2,c
136,andersoncooper,2,c
137,conanobrien,1,c
138,gadgetlab,1,m
139,iggyazalea,1,c
140,sentedcruz,0,p
141,britneyspears,2,c
142,enews,2,m
143,npr,1,m
144,jtimberlake,1,c
145,actuallynph,2,c
146,darrellissa,1,p
147,ericcantor,0,p
148,cosmopolitan,1,m
149,khloekardashian,3,c
150,wiredscience,0,m
151,nbatv,1,m
152,dccc,2,p
153,jessicaalba,3,c
154,jebbush,1,p
155,womenshealthmag,2,m
156,karlrove,1,p
157,robertdowneyjr,1,c
158,realdonaldtrump,2,p
159,governorperry,1,p
160,voterocky2016,1,p
161,billgates,1,c
162,sarahpalinusa,2,p
163,whowhatwear,1,m
164,joetrippi,3,p
165,pharrell,2,c
166,ap,2,m
167,sarahksilverman,2,c
168,buzzfeed,2,m
169,fortunemagazine,2,m
170,evalongoria,3,c
171,tyga,2,c
172,azizansari,2,c
173,snoopdogg,2,c
174,iamwill,2,c
175,younghollywood,1,m
176,serenawilliams,1,c
177,newtgingrich,1,p
178,govgaryjohnson,1,p
179,realbencarson,0,p
180,bet,2,m
181,senmikelee,1,p
182,therock,1,c
183,cnbc,1,m
184,thedemocrats,1,p
185,johnkerry,2,p
186,sethmacfarlane,0,c
187,michelebachmann,1,p
188,washingtonpost,3,m
189,goodhealth,1,m
190,nbc,1,m
191,shawnmendes,2,c
192,camerondallas,2,c
193,carmeloanthony,2,c
194,lukebryanonline,1,c
195,nikkihaley,2,p
196,natgeotravel,2,m
197,voguemagazine,1,m
198,pryan,2,p
199,pink,2,c
200,ashleytisdale,2,c
201,joejonas,2,c
202,marcanthony,2,c
203,teenvogue,2,m
204,menshealthmag,0,m
205,alfranken,2,p
206,johnkingated,0,p
207,businessinsider,2,m
208,mittromney,1,p
209,jimdemint,0,p
210,comedycentral,1,m
211,bigsean,2,c
212,latimes,0,m
213,nytimes,1,m
214,krisjenner,1,c
215,jasoninthehouse,1,p
216,kingjames,1,c
217,ladygaga,2,c
218,parenting,2,m
219,ambassadorrice,2,p
220,shaq,0,c
221,wired,1,m
222,newyorker,1,m
223,wizkhalifa,1,c
224,senjohnmccain,2,p
225,timkaine,0,p
226,ericgarcetti,1,p
227,barackobama,0,p
228,davidaxelrod,1,p
229,condoleezzarice,1,p
230,wendydavis,2,p
231,nickjonas,1,c
232,jimmyfallon,2,c
233,cntraveler,2,m
234,justinbieber,1,c
235,sciencechannel,0,m
236,carlyfiorina,1,p
237,berniesanders,1,p
238,pitbull,2,c
239,tppatriots,2,p
240,marvel,1,m
241,chrischristie,1,p
242,ew,1,m
