,User,Partition,Type
0,algore,1,p
1,jlo,2,c
2,ludacris,0,c
3,chrisbrown,2,c
4,channingtatum,2,c
5,thehill,0,m
6,mashable,2,m
7,leodicaprio,1,c
8,ciara,2,c
9,thereval,0,p
10,newsweek,3,m
11,marcorubio,3,p
12,johnkasich,0,p
13,tgowdysc,0,p
14,digg,0,m
15,freedomworks,1,p
16,sengillibrand,1,p
17,jessicasimpson,0,c
18,kyliejenner,2,c
19,beyonce,2,c
20,kendricklamar,2,c
21,austinmahone,2,c
22,bobbyjindal,3,p
23,nickiminaj,2,c
24,billclinton,3,p
25,foxsports,2,m
26,travelleisure,0,m
27,corybooker,0,p
28,kobebryant,2,c
29,arianagrande,2,c
30,tedcruz,3,p
31,tomhanks,0,c
32,sensanders,3,p
33,teamcantor,0,p
34,govwalker,0,p
35,jcolenc,2,c
36,gabbygiffords,0,p
37,thehermancain,0,p
38,gov,1,m
39,katyperry,2,c
40,kdtrey5,0,c
41,govchristie,2,p
42,reince,3,p
43,victoriajustice,0,c
44,aplusk,2,c
45,wsj,0,m
46,joebiden,3,p
47,nickelodeontv,0,m
48,senatorreid,1,p
49,kevinhart4real,2,c
50,vanityfair,2,m
51,allenwest,0,p
52,ryanseacrest,2,c
53,speakerryan,0,p
54,charliesheen,2,c
55,natgeophotos,0,m
56,lindsaylohan,2,c
57,people,2,m
58,mariahcarey,2,c
59,ellemagazine,0,m
60,foxnews,0,m
61,kimkardashian,2,c
62,astro_jose,0,p
63,wwd,0,m
64,usher,2,c
65,liltunechi,0,c
66,billboard,2,m
67,gavinnewsom,0,p
68,rollingstone,2,m
69,iamdiddy,2,c
70,govmikehuckabee,3,p
71,nancypelosi,1,p
72,abc,0,m
73,cbsnews,0,m
74,oprah,2,c
75,scottwalker,3,p
76,tmz,0,m
77,randpaul,1,p
78,kendalljenner,2,c
79,ricksantorum,3,p
80,stephenathome,2,c
81,ronpaul,0,p
82,xtina,2,c
83,repjohnlewis,1,p
84,taylorswift13,2,c
85,jimcarrey,1,c
86,parishilton,2,c
87,gop,3,p
88,speakerboehner,1,p
89,usatoday,0,m
90,hillaryclinton,3,p
91,slate,1,m
92,business,0,m
93,uninoticias,0,m
94,lmfao,2,c
95,nbcnews,0,m
96,univision,0,m
97,elizabethforma,3,p
98,treysongz,2,c
99,stephencurry30,2,c
100,aliciakeys,2,c
101,jerrybrowngov,0,p
102,kelly_clarkson,2,c
103,kasimreed,0,p
104,blakeshelton,2,c
105,hbo,0,m
106,zacefron,2,c
107,potus,0,p
108,donnabrazile,3,p
109,senschumer,1,p
110,stevemartintogo,0,c
111,senwarren,0,p
112,selenagomez,2,c
113,housedemocrats,0,p
114,ddlovato,2,c
115,kanyewest,2,c
116,thr,2,m
117,theellenshow,2,c
118,johnlegend,2,c
119,foramerica,3,p
120,rbreich,3,p
121,marieclaire,0,m
122,mileycyrus,2,c
123,mufihannemann,1,p
124,iamqueenlatifah,2,c
125,johncena,2,c
126,nbaontnt,2,m
127,jimmykimmel,2,c
128,tyrabanks,2,c
129,politico,3,m
130,mirandacosgrove,2,c
131,mindykaling,2,c
132,50cent,2,c
133,kourtneykardash,2,c
134,dwstweets,3,p
135,brunomars,2,c
136,andersoncooper,0,c
137,conanobrien,0,c
138,gadgetlab,0,m
139,iggyazalea,2,c
140,sentedcruz,0,p
141,britneyspears,2,c
142,enews,2,m
143,npr,3,m
144,jtimberlake,2,c
145,actuallynph,2,c
146,darrellissa,0,p
147,ericcantor,0,p
148,cosmopolitan,2,m
149,khloekardashian,2,c
150,wiredscience,0,m
151,nbatv,2,m
152,dccc,0,p
153,jessicaalba,2,c
154,jebbush,3,p
155,womenshealthmag,0,m
156,karlrove,0,p
157,robertdowneyjr,2,c
158,realdonaldtrump,3,p
159,governorperry,0,p
160,voterocky2016,0,p
161,billgates,2,c
162,sarahpalinusa,3,p
163,whowhatwear,0,m
164,joetrippi,3,p
165,pharrell,2,c
166,ap,0,m
167,sarahksilverman,2,c
168,buzzfeed,2,m
169,fortunemagazine,0,m
170,evalongoria,2,c
171,tyga,0,c
172,azizansari,2,c
173,snoopdogg,2,c
174,iamwill,2,c
175,younghollywood,0,m
176,serenawilliams,2,c
177,newtgingrich,0,p
178,govgaryjohnson,0,p
179,realbencarson,3,p
180,bet,0,m
181,senmikelee,0,p
182,therock,2,c
183,cnbc,0,m
184,thedemocrats,0,p
185,johnkerry,0,p
186,sethmacfarlane,3,c
187,michelebachmann,1,p
188,washingtonpost,0,m
189,goodhealth,0,m
190,nbc,0,m
191,shawnmendes,2,c
192,camerondallas,2,c
193,carmeloanthony,2,c
194,lukebryanonline,2,c
195,nikkihaley,3,p
196,natgeotravel,0,m
197,voguemagazine,2,m
198,pryan,0,p
199,pink,2,c
200,ashleytisdale,2,c
201,joejonas,2,c
202,marcanthony,0,c
203,teenvogue,2,m
204,menshealthmag,0,m
205,alfranken,1,p
206,johnkingated,0,p
207,businessinsider,2,m
208,mittromney,0,p
209,jimdemint,1,p
210,comedycentral,0,m
211,bigsean,2,c
212,latimes,0,m
213,nytimes,0,m
214,krisjenner,2,c
215,jasoninthehouse,0,p
216,kingjames,2,c
217,ladygaga,2,c
218,parenting,0,m
219,ambassadorrice,0,p
220,shaq,2,c
221,wired,0,m
222,newyorker,0,m
223,wizkhalifa,2,c
224,senjohnmccain,1,p
225,timkaine,0,p
226,ericgarcetti,1,p
227,barackobama,1,p
228,davidaxelrod,3,p
229,condoleezzarice,0,p
230,wendydavis,3,p
231,nickjonas,2,c
232,jimmyfallon,2,c
233,cntraveler,0,m
234,justinbieber,2,c
235,sciencechannel,0,m
236,carlyfiorina,3,p
237,berniesanders,3,p
238,pitbull,2,c
239,tppatriots,0,p
240,marvel,0,m
241,chrischristie,3,p
242,ew,2,m
