,User,Partition,Type
0,algore,0,p
1,jlo,1,c
2,ludacris,3,c
3,chrisbrown,1,c
4,channingtatum,1,c
5,thehill,3,m
6,mashable,3,m
7,leodicaprio,0,c
8,ciara,1,c
9,thereval,2,p
10,newsweek,2,m
11,marcorubio,2,p
12,johnkasich,0,p
13,tgowdysc,0,p
14,digg,3,m
15,freedomworks,2,p
16,sengillibrand,3,p
17,jessicasimpson,3,c
18,kyliejenner,1,c
19,beyonce,3,c
20,kendricklamar,1,c
21,austinmahone,3,c
22,bobbyjindal,2,p
23,nickiminaj,3,c
24,billclinton,2,p
25,foxsports,3,m
26,travelleisure,3,m
27,corybooker,3,p
28,kobebryant,1,c
29,arianagrande,1,c
30,tedcruz,3,p
31,tomhanks,3,c
32,sensanders,2,p
33,teamcantor,0,p
34,govwalker,3,p
35,jcolenc,3,c
36,gabbygiffords,0,p
37,thehermancain,3,p
38,gov,2,m
39,katyperry,1,c
40,kdtrey5,1,c
41,govchristie,1,p
42,reince,2,p
43,victoriajustice,3,c
44,aplusk,1,c
45,wsj,3,m
46,joebiden,3,p
47,nickelodeontv,1,m
48,senatorreid,0,p
49,kevinhart4real,1,c
50,vanityfair,3,m
51,allenwest,3,p
52,ryanseacrest,1,c
53,speakerryan,3,p
54,charliesheen,1,c
55,natgeophotos,3,m
56,lindsaylohan,1,c
57,people,3,m
58,mariahcarey,1,c
59,ellemagazine,1,m
60,foxnews,2,m
61,kimkardashian,1,c
62,astro_jose,3,p
63,wwd,3,m
64,usher,1,c
65,liltunechi,3,c
66,billboard,3,m
67,gavinnewsom,2,p
68,rollingstone,3,m
69,iamdiddy,1,c
70,govmikehuckabee,2,p
71,nancypelosi,0,p
72,abc,3,m
73,cbsnews,3,m
74,oprah,1,c
75,scottwalker,2,p
76,tmz,3,m
77,randpaul,3,p
78,kendalljenner,1,c
79,ricksantorum,2,p
80,stephenathome,1,c
81,ronpaul,2,p
82,xtina,1,c
83,repjohnlewis,0,p
84,taylorswift13,1,c
85,jimcarrey,0,c
86,parishilton,1,c
87,gop,2,p
88,speakerboehner,3,p
89,usatoday,3,m
90,hillaryclinton,3,p
91,slate,3,m
92,business,3,m
93,uninoticias,0,m
94,lmfao,3,c
95,nbcnews,3,m
96,univision,3,m
97,elizabethforma,2,p
98,treysongz,1,c
99,stephencurry30,3,c
100,aliciakeys,1,c
101,jerrybrowngov,0,p
102,kelly_clarkson,1,c
103,kasimreed,3,p
104,blakeshelton,1,c
105,hbo,3,m
106,zacefron,1,c
107,potus,3,p
108,donnabrazile,2,p
109,senschumer,3,p
110,stevemartintogo,1,c
111,senwarren,3,p
112,selenagomez,1,c
113,housedemocrats,0,p
114,ddlovato,1,c
115,kanyewest,1,c
116,thr,3,m
117,theellenshow,1,c
118,johnlegend,2,c
119,foramerica,2,p
120,rbreich,2,p
121,marieclaire,3,m
122,mileycyrus,1,c
123,mufihannemann,0,p
124,iamqueenlatifah,1,c
125,johncena,1,c
126,nbaontnt,3,m
127,jimmykimmel,1,c
128,tyrabanks,1,c
129,politico,2,m
130,mirandacosgrove,1,c
131,mindykaling,1,c
132,50cent,1,c
133,kourtneykardash,1,c
134,dwstweets,2,p
135,brunomars,1,c
136,andersoncooper,1,c
137,conanobrien,2,c
138,gadgetlab,3,m
139,iggyazalea,1,c
140,sentedcruz,3,p
141,britneyspears,1,c
142,enews,3,m
143,npr,2,m
144,jtimberlake,1,c
145,actuallynph,1,c
146,darrellissa,0,p
147,ericcantor,0,p
148,cosmopolitan,3,m
149,khloekardashian,1,c
150,wiredscience,3,m
151,nbatv,3,m
152,dccc,0,p
153,jessicaalba,1,c
154,jebbush,2,p
155,womenshealthmag,3,m
156,karlrove,3,p
157,robertdowneyjr,1,c
158,realdonaldtrump,0,p
159,governorperry,0,p
160,voterocky2016,0,p
161,billgates,1,c
162,sarahpalinusa,2,p
163,whowhatwear,3,m
164,joetrippi,3,p
165,pharrell,1,c
166,ap,3,m
167,sarahksilverman,2,c
168,buzzfeed,3,m
169,fortunemagazine,3,m
170,evalongoria,3,c
171,tyga,1,c
172,azizansari,3,c
173,snoopdogg,1,c
174,iamwill,1,c
175,younghollywood,3,m
176,serenawilliams,1,c
177,newtgingrich,0,p
178,govgaryjohnson,0,p
179,realbencarson,2,p
180,bet,2,m
181,senmikelee,0,p
182,therock,3,c
183,cnbc,3,m
184,thedemocrats,0,p
185,johnkerry,2,p
186,sethmacfarlane,2,c
187,michelebachmann,0,p
188,washingtonpost,3,m
189,goodhealth,3,m
190,nbc,3,m
191,shawnmendes,1,c
192,camerondallas,3,c
193,carmeloanthony,1,c
194,lukebryanonline,1,c
195,nikkihaley,2,p
196,natgeotravel,3,m
197,voguemagazine,3,m
198,pryan,3,p
199,pink,1,c
200,ashleytisdale,1,c
201,joejonas,1,c
202,marcanthony,3,c
203,teenvogue,3,m
204,menshealthmag,1,m
205,alfranken,2,p
206,johnkingated,0,p
207,businessinsider,3,m
208,mittromney,2,p
209,jimdemint,0,p
210,comedycentral,3,m
211,bigsean,1,c
212,latimes,3,m
213,nytimes,3,m
214,krisjenner,1,c
215,jasoninthehouse,0,p
216,kingjames,1,c
217,ladygaga,1,c
218,parenting,2,m
219,ambassadorrice,0,p
220,shaq,1,c
221,wired,3,m
222,newyorker,3,m
223,wizkhalifa,3,c
224,senjohnmccain,3,p
225,timkaine,2,p
226,ericgarcetti,3,p
227,barackobama,3,p
228,davidaxelrod,2,p
229,condoleezzarice,0,p
230,wendydavis,2,p
231,nickjonas,1,c
232,jimmyfallon,1,c
233,cntraveler,3,m
234,justinbieber,1,c
235,sciencechannel,3,m
236,carlyfiorina,2,p
237,berniesanders,3,p
238,pitbull,1,c
239,tppatriots,0,p
240,marvel,3,m
241,chrischristie,2,p
242,ew,3,m
