,User,Partition,Type
0,algore,1,p
1,jlo,0,c
2,ludacris,1,c
3,chrisbrown,1,c
4,channingtatum,0,c
5,thehill,1,m
6,mashable,1,m
7,leodicaprio,1,c
8,ciara,0,c
9,thereval,2,p
10,newsweek,2,m
11,marcorubio,2,p
12,johnkasich,2,p
13,tgowdysc,3,p
14,digg,1,m
15,freedomworks,2,p
16,sengillibrand,3,p
17,jessicasimpson,1,c
18,kyliejenner,1,c
19,beyonce,1,c
20,kendricklamar,1,c
21,austinmahone,1,c
22,bobbyjindal,2,p
23,nickiminaj,1,c
24,billclinton,2,p
25,foxsports,1,m
26,travelleisure,1,m
27,corybooker,1,p
28,kobebryant,1,c
29,arianagrande,0,c
30,tedcruz,1,p
31,tomhanks,1,c
32,sensanders,2,p
33,teamcantor,2,p
34,govwalker,1,p
35,jcolenc,1,c
36,gabbygiffords,3,p
37,thehermancain,3,p
38,gov,2,m
39,katyperry,0,c
40,kdtrey5,1,c
41,govchristie,0,p
42,reince,2,p
43,victoriajustice,1,c
44,aplusk,0,c
45,wsj,1,m
46,joebiden,1,p
47,nickelodeontv,0,m
48,senatorreid,3,p
49,kevinhart4real,1,c
50,vanityfair,1,m
51,allenwest,3,p
52,ryanseacrest,0,c
53,speakerryan,1,p
54,charliesheen,0,c
55,natgeophotos,1,m
56,lindsaylohan,0,c
57,people,1,m
58,mariahcarey,0,c
59,ellemagazine,1,m
60,foxnews,2,m
61,kimkardashian,1,c
62,astro_jose,1,p
63,wwd,1,m
64,usher,0,c
65,liltunechi,1,c
66,billboard,1,m
67,gavinnewsom,2,p
68,rollingstone,1,m
69,iamdiddy,0,c
70,govmikehuckabee,2,p
71,nancypelosi,3,p
72,abc,1,m
73,cbsnews,1,m
74,oprah,0,c
75,scottwalker,2,p
76,tmz,1,m
77,randpaul,2,p
78,kendalljenner,1,c
79,ricksantorum,2,p
80,stephenathome,0,c
81,ronpaul,2,p
82,xtina,0,c
83,repjohnlewis,3,p
84,taylorswift13,0,c
85,jimcarrey,2,c
86,parishilton,0,c
87,gop,2,p
88,speakerboehner,1,p
89,usatoday,1,m
90,hillaryclinton,1,p
91,slate,1,m
92,business,1,m
93,uninoticias,3,m
94,lmfao,1,c
95,nbcnews,1,m
96,univision,1,m
97,elizabethforma,2,p
98,treysongz,0,c
99,stephencurry30,1,c
100,aliciakeys,0,c
101,jerrybrowngov,3,p
102,kelly_clarkson,0,c
103,kasimreed,1,p
104,blakeshelton,0,c
105,hbo,1,m
106,zacefron,0,c
107,potus,1,p
108,donnabrazile,2,p
109,senschumer,1,p
110,stevemartintogo,0,c
111,senwarren,3,p
112,selenagomez,0,c
113,housedemocrats,3,p
114,ddlovato,0,c
115,kanyewest,0,c
116,thr,1,m
117,theellenshow,0,c
118,johnlegend,2,c
119,foramerica,2,p
120,rbreich,2,p
121,marieclaire,1,m
122,mileycyrus,0,c
123,mufihannemann,1,p
124,iamqueenlatifah,0,c
125,johncena,0,c
126,nbaontnt,1,m
127,jimmykimmel,0,c
128,tyrabanks,0,c
129,politico,2,m
130,mirandacosgrove,0,c
131,mindykaling,0,c
132,50cent,0,c
133,kourtneykardash,0,c
134,dwstweets,2,p
135,brunomars,0,c
136,andersoncooper,0,c
137,conanobrien,2,c
138,gadgetlab,1,m
139,iggyazalea,0,c
140,sentedcruz,3,p
141,britneyspears,0,c
142,enews,1,m
143,npr,2,m
144,jtimberlake,0,c
145,actuallynph,0,c
146,darrellissa,3,p
147,ericcantor,3,p
148,cosmopolitan,1,m
149,khloekardashian,1,c
150,wiredscience,1,m
151,nbatv,1,m
152,dccc,3,p
153,jessicaalba,1,c
154,jebbush,2,p
155,womenshealthmag,1,m
156,karlrove,3,p
157,robertdowneyjr,0,c
158,realdonaldtrump,1,p
159,governorperry,1,p
160,voterocky2016,3,p
161,billgates,0,c
162,sarahpalinusa,2,p
163,whowhatwear,1,m
164,joetrippi,3,p
165,pharrell,0,c
166,ap,1,m
167,sarahksilverman,2,c
168,buzzfeed,1,m
169,fortunemagazine,1,m
170,evalongoria,1,c
171,tyga,0,c
172,azizansari,1,c
173,snoopdogg,1,c
174,iamwill,0,c
175,younghollywood,1,m
176,serenawilliams,0,c
177,newtgingrich,3,p
178,govgaryjohnson,3,p
179,realbencarson,2,p
180,bet,2,m
181,senmikelee,1,p
182,therock,1,c
183,cnbc,1,m
184,thedemocrats,1,p
185,johnkerry,2,p
186,sethmacfarlane,2,c
187,michelebachmann,1,p
188,washingtonpost,1,m
189,goodhealth,1,m
190,nbc,1,m
191,shawnmendes,0,c
192,camerondallas,1,c
193,carmeloanthony,1,c
194,lukebryanonline,0,c
195,nikkihaley,2,p
196,natgeotravel,1,m
197,voguemagazine,1,m
198,pryan,1,p
199,pink,0,c
200,ashleytisdale,0,c
201,joejonas,0,c
202,marcanthony,1,c
203,teenvogue,1,m
204,menshealthmag,1,m
205,alfranken,2,p
206,johnkingated,3,p
207,businessinsider,1,m
208,mittromney,2,p
209,jimdemint,1,p
210,comedycentral,1,m
211,bigsean,1,c
212,latimes,1,m
213,nytimes,1,m
214,krisjenner,0,c
215,jasoninthehouse,1,p
216,kingjames,0,c
217,ladygaga,0,c
218,parenting,2,m
219,ambassadorrice,3,p
220,shaq,0,c
221,wired,1,m
222,newyorker,1,m
223,wizkhalifa,1,c
224,senjohnmccain,1,p
225,timkaine,2,p
226,ericgarcetti,3,p
227,barackobama,1,p
228,davidaxelrod,2,p
229,condoleezzarice,2,p
230,wendydavis,2,p
231,nickjonas,0,c
232,jimmyfallon,0,c
233,cntraveler,1,m
234,justinbieber,0,c
235,sciencechannel,1,m
236,carlyfiorina,2,p
237,berniesanders,1,p
238,pitbull,0,c
239,tppatriots,3,p
240,marvel,1,m
241,chrischristie,2,p
242,ew,1,m
