,User,Partition,Type
0,algore,2,p
1,jlo,2,c
2,ludacris,2,c
3,chrisbrown,2,c
4,channingtatum,2,c
5,thehill,0,m
6,mashable,2,m
7,leodicaprio,3,c
8,ciara,2,c
9,thereval,1,p
10,newsweek,1,m
11,marcorubio,0,p
12,johnkasich,1,p
13,tgowdysc,2,p
14,digg,2,m
15,freedomworks,1,p
16,sengillibrand,3,p
17,jessicasimpson,2,c
18,kyliejenner,2,c
19,beyonce,2,c
20,kendricklamar,2,c
21,austinmahone,2,c
22,bobbyjindal,1,p
23,nickiminaj,2,c
24,billclinton,1,p
25,foxsports,2,m
26,travelleisure,2,m
27,corybooker,0,p
28,kobebryant,2,c
29,arianagrande,2,c
30,tedcruz,0,p
31,tomhanks,2,c
32,sensanders,0,p
33,teamcantor,1,p
34,govwalker,0,p
35,jcolenc,2,c
36,gabbygiffords,1,p
37,thehermancain,2,p
38,gov,1,m
39,katyperry,2,c
40,kdtrey5,2,c
41,govchristie,2,p
42,reince,1,p
43,victoriajustice,2,c
44,aplusk,2,c
45,wsj,0,m
46,joebiden,0,p
47,nickelodeontv,2,m
48,senatorreid,3,p
49,kevinhart4real,2,c
50,vanityfair,2,m
51,allenwest,3,p
52,ryanseacrest,2,c
53,speakerryan,0,p
54,charliesheen,2,c
55,natgeophotos,2,m
56,lindsaylohan,2,c
57,people,2,m
58,mariahcarey,2,c
59,ellemagazine,2,m
60,foxnews,2,m
61,kimkardashian,2,c
62,astro_jose,2,p
63,wwd,2,m
64,usher,2,c
65,liltunechi,2,c
66,billboard,2,m
67,gavinnewsom,1,p
68,rollingstone,2,m
69,iamdiddy,2,c
70,govmikehuckabee,1,p
71,nancypelosi,3,p
72,abc,2,m
73,cbsnews,0,m
74,oprah,2,c
75,scottwalker,1,p
76,tmz,2,m
77,randpaul,3,p
78,kendalljenner,2,c
79,ricksantorum,1,p
80,stephenathome,2,c
81,ronpaul,1,p
82,xtina,2,c
83,repjohnlewis,1,p
84,taylorswift13,2,c
85,jimcarrey,1,c
86,parishilton,2,c
87,gop,1,p
88,speakerboehner,3,p
89,usatoday,2,m
90,hillaryclinton,0,p
91,slate,3,m
92,business,2,m
93,uninoticias,1,m
94,lmfao,2,c
95,nbcnews,2,m
96,univision,2,m
97,elizabethforma,1,p
98,treysongz,2,c
99,stephencurry30,2,c
100,aliciakeys,2,c
101,jerrybrowngov,2,p
102,kelly_clarkson,2,c
103,kasimreed,2,p
104,blakeshelton,2,c
105,hbo,2,m
106,zacefron,2,c
107,potus,0,p
108,donnabrazile,1,p
109,senschumer,3,p
110,stevemartintogo,0,c
111,senwarren,0,p
112,selenagomez,2,c
113,housedemocrats,2,p
114,ddlovato,2,c
115,kanyewest,2,c
116,thr,2,m
117,theellenshow,2,c
118,johnlegend,2,c
119,foramerica,1,p
120,rbreich,0,p
121,marieclaire,2,m
122,mileycyrus,2,c
123,mufihannemann,2,p
124,iamqueenlatifah,2,c
125,johncena,2,c
126,nbaontnt,2,m
127,jimmykimmel,2,c
128,tyrabanks,2,c
129,politico,1,m
130,mirandacosgrove,2,c
131,mindykaling,2,c
132,50cent,2,c
133,kourtneykardash,2,c
134,dwstweets,1,p
135,brunomars,2,c
136,andersoncooper,2,c
137,conanobrien,1,c
138,gadgetlab,2,m
139,iggyazalea,2,c
140,sentedcruz,2,p
141,britneyspears,2,c
142,enews,2,m
143,npr,1,m
144,jtimberlake,2,c
145,actuallynph,2,c
146,darrellissa,1,p
147,ericcantor,1,p
148,cosmopolitan,2,m
149,khloekardashian,2,c
150,wiredscience,2,m
151,nbatv,2,m
152,dccc,2,p
153,jessicaalba,2,c
154,jebbush,1,p
155,womenshealthmag,2,m
156,karlrove,2,p
157,robertdowneyjr,2,c
158,realdonaldtrump,0,p
159,governorperry,0,p
160,voterocky2016,2,p
161,billgates,2,c
162,sarahpalinusa,1,p
163,whowhatwear,2,m
164,joetrippi,0,p
165,pharrell,2,c
166,ap,2,m
167,sarahksilverman,2,c
168,buzzfeed,2,m
169,fortunemagazine,2,m
170,evalongoria,2,c
171,tyga,2,c
172,azizansari,2,c
173,snoopdogg,2,c
174,iamwill,2,c
175,younghollywood,2,m
176,serenawilliams,2,c
177,newtgingrich,2,p
178,govgaryjohnson,1,p
179,realbencarson,1,p
180,bet,1,m
181,senmikelee,1,p
182,therock,2,c
183,cnbc,2,m
184,thedemocrats,0,p
185,johnkerry,1,p
186,sethmacfarlane,1,c
187,michelebachmann,2,p
188,washingtonpost,0,m
189,goodhealth,2,m
190,nbc,2,m
191,shawnmendes,2,c
192,camerondallas,2,c
193,carmeloanthony,2,c
194,lukebryanonline,2,c
195,nikkihaley,1,p
196,natgeotravel,2,m
197,voguemagazine,2,m
198,pryan,0,p
199,pink,2,c
200,ashleytisdale,2,c
201,joejonas,2,c
202,marcanthony,2,c
203,teenvogue,2,m
204,menshealthmag,2,m
205,alfranken,1,p
206,johnkingated,1,p
207,businessinsider,2,m
208,mittromney,0,p
209,jimdemint,3,p
210,comedycentral,2,m
211,bigsean,2,c
212,latimes,2,m
213,nytimes,0,m
214,krisjenner,2,c
215,jasoninthehouse,2,p
216,kingjames,2,c
217,ladygaga,2,c
218,parenting,1,m
219,ambassadorrice,1,p
220,shaq,2,c
221,wired,2,m
222,newyorker,2,m
223,wizkhalifa,2,c
224,senjohnmccain,3,p
225,timkaine,0,p
226,ericgarcetti,2,p
227,barackobama,3,p
228,davidaxelrod,1,p
229,condoleezzarice,1,p
230,wendydavis,1,p
231,nickjonas,2,c
232,jimmyfallon,2,c
233,cntraveler,2,m
234,justinbieber,2,c
235,sciencechannel,2,m
236,carlyfiorina,1,p
237,berniesanders,0,p
238,pitbull,2,c
239,tppatriots,2,p
240,marvel,2,m
241,chrischristie,1,p
242,ew,2,m
