,User,Partition,Type
0,algore,1,p
1,jlo,1,c
2,ludacris,1,c
3,chrisbrown,1,c
4,channingtatum,1,c
5,thehill,1,m
6,mashable,1,m
7,leodicaprio,1,c
8,ciara,1,c
9,thereval,1,p
10,newsweek,1,m
11,marcorubio,0,p
12,johnkasich,0,p
13,tgowdysc,1,p
14,digg,1,m
15,nikkihaley,1,p
16,freedomworks,1,p
17,sengillibrand,1,p
18,jessicasimpson,1,c
19,kyliejenner,1,c
20,kendricklamar,1,c
21,austinmahone,1,c
22,bobbyjindal,0,p
23,salahitareq,1,p
24,nickiminaj,1,c
25,nytimesworld,1,m
26,billclinton,1,p
27,techcrunch,1,m
28,foxsports,1,m
29,travelleisure,1,m
30,corybooker,1,p
31,kobebryant,1,c
32,nasahqphoto,1,p
33,arianagrande,1,c
34,mileycyrus,1,c
35,tedcruz,0,p
36,sensanders,1,p
37,lindasuhler,0,p
38,carlyfiorina,0,p
39,comedycentral,1,m
40,jcolenc,1,c
41,fastcompany,1,m
42,gabbygiffords,1,p
43,thehermancain,0,p
44,jimcarrey,1,c
45,katyperry,1,c
46,kdtrey5,1,c
47,pbs,1,m
48,reince,1,p
49,vanityfair,1,m
50,aplusk,1,c
51,wsj,1,m
52,joebiden,1,p
53,lagarde,1,p
54,theatlantic,1,m
55,mcfaul,1,p
56,nickelodeontv,1,m
57,madam_president,1,p
58,kevinhart4real,1,c
59,victoriajustice,1,c
60,allenwest,0,p
61,ryanseacrest,1,c
62,speakerryan,0,p
63,charliesheen,1,c
64,parentsmagazine,1,m
65,natgeophotos,1,m
66,jimmykimmel,1,c
67,nytimesarts,1,m
68,people,1,m
69,mariahcarey,1,c
70,ellemagazine,1,m
71,foxnews,1,m
72,kimkardashian,1,c
73,astro_jose,1,p
74,wwd,1,m
75,usher,1,c
76,liltunechi,1,c
77,billboard,1,m
78,gavinnewsom,1,p
79,rollingstone,1,m
80,iamdiddy,1,c
81,cnni,1,m
82,govmikehuckabee,0,p
83,nancypelosi,1,p
84,senatorreid,1,p
85,abc,1,m
86,cbsnews,1,m
87,oprah,1,c
88,natgeotravel,1,m
89,harvardbiz,1,m
90,marketwatch,1,m
91,randpaul,0,p
92,kendalljenner,1,c
93,xtina,1,c
94,ricksantorum,0,p
95,govchristie,1,p
96,stephenathome,1,c
97,ronpaul,1,p
98,nytimesbooks,1,m
99,taylorswift13,1,c
100,sciam,1,m
101,gov,1,m
102,washingtonpost,1,m
103,gop,1,p
104,speakerboehner,0,p
105,discovery,1,m
106,usatoday,1,m
107,billpostmus,0,p
108,hillaryclinton,1,p
109,slate,1,m
110,twitterapi,1,m
111,business,1,m
112,mirandacosgrove,1,c
113,lmfao,1,c
114,nbcnews,1,m
115,univision,1,m
116,elizabethforma,1,p
117,treysongz,1,c
118,eminem,1,c
119,bw,1,m
120,aliciakeys,1,c
121,jerrybrowngov,1,p
122,kelly_clarkson,1,c
123,kasimreed,1,p
124,usweekly,1,m
125,blakeshelton,1,c
126,hbo,1,m
127,zacefron,1,c
128,potus,1,p
129,donnabrazile,1,p
130,senschumer,1,p
131,nprpolitics,1,m
132,stevemartintogo,1,c
133,senwarren,1,p
134,whowhatwear,1,m
135,housedemocrats,1,p
136,ddlovato,1,c
137,kanyewest,1,c
138,theellenshow,1,c
139,actuallynph,1,c
140,johnlegend,1,c
141,realsimple,1,m
142,foramerica,0,p
143,rbreich,1,p
144,marieclaire,1,m
145,therock,1,c
146,dwstweets,1,p
147,repronpaul,1,p
148,mufihannemann,1,p
149,iamqueenlatifah,1,c
150,johncena,1,c
151,entrepreneur,1,m
152,joejonas,1,c
153,nbaontnt,1,m
154,esquirenetwork,1,m
155,tyrabanks,1,c
156,johnkerry,1,p
157,danieltosh,1,c
158,uninoticias,1,m
159,mindykaling,1,c
160,50cent,1,c
161,kourtneykardash,1,c
162,georgehwbush,1,p
163,ew,1,m
164,brunomars,1,c
165,andersoncooper,1,c
166,conanobrien,1,c
167,teamcantor,1,p
168,iggyazalea,1,c
169,sentedcruz,0,p
170,britneyspears,1,c
171,enews,1,m
172,npr,1,m
173,realdonaldtrump,1,p
174,tyga,1,c
175,billdeblasio,1,p
176,gadgetlab,1,m
177,darrellissa,0,p
178,ericcantor,1,p
179,cosmopolitan,1,m
180,khloekardashian,1,c
181,wiredscience,1,m
182,nbatv,1,m
183,dccc,1,p
184,jessicaalba,1,c
185,jebbush,1,p
186,womenshealthmag,1,m
187,karlrove,0,p
188,robertdowneyjr,1,c
189,nbc,1,m
190,johnemichel,0,p
191,governorperry,0,p
192,billgates,1,c
193,sarahpalinusa,1,p
194,joetrippi,0,p
195,pharrell,1,c
196,foodandwine,1,m
197,sarahksilverman,1,c
198,buzzfeed,1,m
199,fortunemagazine,1,m
200,evalongoria,1,c
201,jtimberlake,1,c
202,azizansari,1,c
203,camerondallas,1,c
204,iamwill,1,c
205,younghollywood,1,m
206,maroon5,1,c
207,serenawilliams,1,c
208,newtgingrich,0,p
209,govgaryjohnson,0,p
210,cntraveler,1,m
211,bet,1,m
212,history,1,m
213,senmikelee,1,p
214,ladygaga,1,c
215,cnbc,1,m
216,thedemocrats,1,p
217,politico,0,m
218,govwalker,1,p
219,sethmacfarlane,1,c
220,marcanthony,1,c
221,michelebachmann,0,p
222,tmagazine,1,m
223,businessinsider,1,m
224,thr,1,m
225,travelchannel,1,m
226,ap,1,m
227,shawnmendes,1,c
228,snoopdogg,1,c
229,carmeloanthony,1,c
230,cnnmoney,1,m
231,lukebryanonline,1,c
232,voguemagazine,1,m
233,inc,1,m
234,pink,1,c
235,ashleytisdale,1,c
236,shaq,1,c
237,stephencurry30,1,c
238,repjohnlewis,1,p
239,teenvogue,1,m
240,menshealthmag,1,m
241,alfranken,1,p
242,johnkingated,1,p
243,selenagomez,1,c
244,goodhealth,1,m
245,mittromney,1,p
246,jimdemint,1,p
247,realbencarson,0,p
248,massgovernor,1,p
249,pryan,1,p
250,bigsean,1,c
251,latimes,1,m
252,nytimes,1,m
253,krisjenner,1,c
254,jasoninthehouse,0,p
255,sciencechannel,1,m
256,kingjames,1,c
257,parenting,1,m
258,ambassadorrice,1,p
259,newyorker,1,m
260,wired,1,m
261,wizkhalifa,1,c
262,senjohnmccain,0,p
263,weatherchannel,1,m
264,timkaine,1,p
265,ericgarcetti,1,p
266,barackobama,1,p
267,davidaxelrod,1,p
268,lindsaylohan,1,c
269,condoleezzarice,1,p
270,wendydavis,1,p
271,nflnetwork,1,m
272,parishilton,1,c
273,nickjonas,1,c
274,life,1,m
275,jimmyfallon,1,c
276,jeffarazzi,1,p
277,chrischristie,0,p
278,justinbieber,1,c
279,scottwalker,1,p
280,preetbharara,1,p
281,berniesanders,1,p
282,pitbull,1,c
283,tppatriots,1,p
284,tmz,1,m
285,marvel,1,m
