,User,Partition,Type
0,algore,2,p
1,jlo,0,c
2,ludacris,0,c
3,chrisbrown,0,c
4,channingtatum,0,c
5,thehill,2,m
6,mashable,2,m
7,leodicaprio,1,c
8,ciara,0,c
9,thereval,1,p
10,newsweek,2,m
11,marcorubio,1,p
12,johnkasich,1,p
13,tgowdysc,1,p
14,digg,1,m
15,nikkihaley,2,p
16,freedomworks,1,p
17,sengillibrand,2,p
18,jessicasimpson,2,c
19,kyliejenner,0,c
20,kendricklamar,0,c
21,austinmahone,0,c
22,bobbyjindal,1,p
23,salahitareq,0,p
24,nickiminaj,0,c
25,nytimesworld,2,m
26,billclinton,2,p
27,techcrunch,2,m
28,foxsports,2,m
29,travelleisure,0,m
30,corybooker,2,p
31,kobebryant,0,c
32,nasahqphoto,1,p
33,arianagrande,0,c
34,mileycyrus,0,c
35,tedcruz,1,p
36,sensanders,2,p
37,lindasuhler,1,p
38,carlyfiorina,1,p
39,comedycentral,0,m
40,jcolenc,0,c
41,fastcompany,2,m
42,gabbygiffords,2,p
43,thehermancain,1,p
44,jimcarrey,2,c
45,katyperry,0,c
46,kdtrey5,2,c
47,pbs,0,m
48,reince,1,p
49,vanityfair,2,m
50,aplusk,0,c
51,wsj,2,m
52,joebiden,2,p
53,lagarde,2,p
54,theatlantic,2,m
55,mcfaul,1,p
56,nickelodeontv,0,m
57,madam_president,1,p
58,kevinhart4real,0,c
59,victoriajustice,0,c
60,allenwest,1,p
61,ryanseacrest,0,c
62,speakerryan,1,p
63,charliesheen,0,c
64,parentsmagazine,2,m
65,natgeophotos,2,m
66,jimmykimmel,0,c
67,nytimesarts,2,m
68,people,2,m
69,mariahcarey,0,c
70,ellemagazine,2,m
71,foxnews,2,m
72,kimkardashian,0,c
73,astro_jose,0,p
74,wwd,0,m
75,usher,0,c
76,liltunechi,0,c
77,billboard,0,m
78,gavinnewsom,1,p
79,rollingstone,2,m
80,iamdiddy,0,c
81,cnni,2,m
82,govmikehuckabee,1,p
83,nancypelosi,2,p
84,senatorreid,2,p
85,abc,2,m
86,cbsnews,2,m
87,oprah,0,c
88,natgeotravel,0,m
89,harvardbiz,1,m
90,marketwatch,1,m
91,randpaul,1,p
92,kendalljenner,0,c
93,xtina,0,c
94,ricksantorum,1,p
95,govchristie,1,p
96,stephenathome,2,c
97,ronpaul,1,p
98,nytimesbooks,2,m
99,taylorswift13,0,c
100,sciam,2,m
101,gov,1,m
102,washingtonpost,2,m
103,gop,1,p
104,speakerboehner,1,p
105,discovery,0,m
106,usatoday,2,m
107,billpostmus,1,p
108,hillaryclinton,2,p
109,slate,2,m
110,twitterapi,2,m
111,business,2,m
112,mirandacosgrove,0,c
113,lmfao,0,c
114,nbcnews,2,m
115,univision,0,m
116,elizabethforma,2,p
117,treysongz,0,c
118,eminem,0,c
119,bw,1,m
120,aliciakeys,0,c
121,jerrybrowngov,1,p
122,kelly_clarkson,0,c
123,kasimreed,0,p
124,usweekly,2,m
125,blakeshelton,0,c
126,hbo,0,m
127,zacefron,0,c
128,potus,2,p
129,donnabrazile,1,p
130,senschumer,1,p
131,nprpolitics,2,m
132,stevemartintogo,0,c
133,senwarren,2,p
134,whowhatwear,2,m
135,housedemocrats,2,p
136,ddlovato,0,c
137,kanyewest,0,c
138,theellenshow,2,c
139,actuallynph,0,c
140,johnlegend,0,c
141,realsimple,0,m
142,foramerica,1,p
143,rbreich,2,p
144,marieclaire,0,m
145,therock,0,c
146,dwstweets,2,p
147,repronpaul,1,p
148,mufihannemann,1,p
149,iamqueenlatifah,0,c
150,johncena,0,c
151,entrepreneur,2,m
152,joejonas,0,c
153,nbaontnt,0,m
154,esquirenetwork,0,m
155,tyrabanks,0,c
156,johnkerry,2,p
157,danieltosh,2,c
158,uninoticias,2,m
159,mindykaling,0,c
160,50cent,0,c
161,kourtneykardash,0,c
162,georgehwbush,2,p
163,ew,2,m
164,brunomars,0,c
165,andersoncooper,0,c
166,conanobrien,2,c
167,teamcantor,1,p
168,iggyazalea,0,c
169,sentedcruz,1,p
170,britneyspears,0,c
171,enews,0,m
172,npr,2,m
173,realdonaldtrump,1,p
174,tyga,0,c
175,billdeblasio,2,p
176,gadgetlab,1,m
177,darrellissa,1,p
178,ericcantor,1,p
179,cosmopolitan,0,m
180,khloekardashian,0,c
181,wiredscience,0,m
182,nbatv,2,m
183,dccc,1,p
184,jessicaalba,0,c
185,jebbush,2,p
186,womenshealthmag,2,m
187,karlrove,1,p
188,robertdowneyjr,0,c
189,nbc,0,m
190,johnemichel,1,p
191,governorperry,1,p
192,billgates,0,c
193,sarahpalinusa,1,p
194,joetrippi,1,p
195,pharrell,0,c
196,foodandwine,2,m
197,sarahksilverman,0,c
198,buzzfeed,2,m
199,fortunemagazine,0,m
200,evalongoria,0,c
201,jtimberlake,0,c
202,azizansari,0,c
203,camerondallas,0,c
204,iamwill,0,c
205,younghollywood,0,m
206,maroon5,0,c
207,serenawilliams,0,c
208,newtgingrich,1,p
209,govgaryjohnson,1,p
210,cntraveler,0,m
211,bet,0,m
212,history,0,m
213,senmikelee,1,p
214,ladygaga,0,c
215,cnbc,2,m
216,thedemocrats,2,p
217,politico,2,m
218,govwalker,1,p
219,sethmacfarlane,0,c
220,marcanthony,0,c
221,michelebachmann,1,p
222,tmagazine,2,m
223,businessinsider,2,m
224,thr,2,m
225,travelchannel,0,m
226,ap,2,m
227,shawnmendes,0,c
228,snoopdogg,0,c
229,carmeloanthony,0,c
230,cnnmoney,2,m
231,lukebryanonline,0,c
232,voguemagazine,2,m
233,inc,2,m
234,pink,0,c
235,ashleytisdale,0,c
236,shaq,0,c
237,stephencurry30,2,c
238,repjohnlewis,2,p
239,teenvogue,0,m
240,menshealthmag,2,m
241,alfranken,2,p
242,johnkingated,2,p
243,selenagomez,0,c
244,goodhealth,0,m
245,mittromney,2,p
246,jimdemint,1,p
247,realbencarson,1,p
248,massgovernor,2,p
249,pryan,1,p
250,bigsean,0,c
251,latimes,2,m
252,nytimes,2,m
253,krisjenner,0,c
254,jasoninthehouse,1,p
255,sciencechannel,0,m
256,kingjames,0,c
257,parenting,2,m
258,ambassadorrice,2,p
259,newyorker,2,m
260,wired,2,m
261,wizkhalifa,0,c
262,senjohnmccain,1,p
263,weatherchannel,2,m
264,timkaine,2,p
265,ericgarcetti,1,p
266,barackobama,2,p
267,davidaxelrod,2,p
268,lindsaylohan,0,c
269,condoleezzarice,1,p
270,wendydavis,1,p
271,nflnetwork,1,m
272,parishilton,0,c
273,nickjonas,0,c
274,life,2,m
275,jimmyfallon,0,c
276,jeffarazzi,1,p
277,chrischristie,1,p
278,justinbieber,0,c
279,scottwalker,1,p
280,preetbharara,1,p
281,berniesanders,1,p
282,pitbull,0,c
283,tppatriots,1,p
284,tmz,2,m
285,marvel,0,m
