,User,Partition,Type
0,algore,3,p
1,jlo,2,c
2,ludacris,1,c
3,chrisbrown,2,c
4,channingtatum,2,c
5,thehill,3,m
6,mashable,1,m
7,leodicaprio,0,c
8,ciara,2,c
9,thereval,0,p
10,newsweek,3,m
11,marcorubio,0,p
12,johnkasich,0,p
13,tgowdysc,0,p
14,digg,0,m
15,nikkihaley,3,p
16,freedomworks,3,p
17,sengillibrand,3,p
18,jessicasimpson,1,c
19,kyliejenner,2,c
20,kendricklamar,2,c
21,austinmahone,2,c
22,bobbyjindal,0,p
23,salahitareq,2,p
24,nickiminaj,1,c
25,nytimesworld,3,m
26,billclinton,3,p
27,techcrunch,1,m
28,foxsports,1,m
29,travelleisure,1,m
30,corybooker,3,p
31,kobebryant,1,c
32,nasahqphoto,0,p
33,arianagrande,1,c
34,mileycyrus,2,c
35,tedcruz,0,p
36,sensanders,3,p
37,lindasuhler,0,p
38,carlyfiorina,0,p
39,comedycentral,2,m
40,jcolenc,1,c
41,fastcompany,1,m
42,gabbygiffords,3,p
43,thehermancain,0,p
44,jimcarrey,1,c
45,katyperry,2,c
46,kdtrey5,3,c
47,pbs,0,m
48,reince,0,p
49,vanityfair,1,m
50,aplusk,2,c
51,wsj,3,m
52,joebiden,3,p
53,lagarde,3,p
54,theatlantic,3,m
55,mcfaul,0,p
56,nickelodeontv,2,m
57,madam_president,2,p
58,kevinhart4real,1,c
59,victoriajustice,2,c
60,allenwest,0,p
61,ryanseacrest,1,c
62,speakerryan,0,p
63,charliesheen,2,c
64,parentsmagazine,1,m
65,natgeophotos,3,m
66,jimmykimmel,2,c
67,nytimesarts,1,m
68,people,1,m
69,mariahcarey,2,c
70,ellemagazine,1,m
71,foxnews,3,m
72,kimkardashian,1,c
73,astro_jose,2,p
74,wwd,1,m
75,usher,2,c
76,liltunechi,1,c
77,billboard,1,m
78,gavinnewsom,0,p
79,rollingstone,1,m
80,iamdiddy,2,c
81,cnni,3,m
82,govmikehuckabee,0,p
83,nancypelosi,3,p
84,senatorreid,0,p
85,abc,3,m
86,cbsnews,3,m
87,oprah,2,c
88,natgeotravel,2,m
89,harvardbiz,0,m
90,marketwatch,3,m
91,randpaul,0,p
92,kendalljenner,2,c
93,xtina,1,c
94,ricksantorum,0,p
95,govchristie,2,p
96,stephenathome,3,c
97,ronpaul,0,p
98,nytimesbooks,1,m
99,taylorswift13,2,c
100,sciam,3,m
101,gov,0,m
102,washingtonpost,3,m
103,gop,0,p
104,speakerboehner,0,p
105,discovery,2,m
106,usatoday,3,m
107,billpostmus,0,p
108,hillaryclinton,3,p
109,slate,3,m
110,twitterapi,3,m
111,business,3,m
112,mirandacosgrove,2,c
113,lmfao,2,c
114,nbcnews,3,m
115,univision,2,m
116,elizabethforma,3,p
117,treysongz,2,c
118,eminem,1,c
119,bw,0,m
120,aliciakeys,2,c
121,jerrybrowngov,0,p
122,kelly_clarkson,1,c
123,kasimreed,2,p
124,usweekly,1,m
125,blakeshelton,1,c
126,hbo,2,m
127,zacefron,2,c
128,potus,3,p
129,donnabrazile,0,p
130,senschumer,0,p
131,nprpolitics,3,m
132,stevemartintogo,1,c
133,senwarren,3,p
134,whowhatwear,1,m
135,housedemocrats,3,p
136,ddlovato,2,c
137,kanyewest,1,c
138,theellenshow,1,c
139,actuallynph,2,c
140,johnlegend,2,c
141,realsimple,2,m
142,foramerica,0,p
143,rbreich,3,p
144,marieclaire,1,m
145,therock,1,c
146,dwstweets,2,p
147,repronpaul,0,p
148,mufihannemann,0,p
149,iamqueenlatifah,2,c
150,johncena,2,c
151,entrepreneur,1,m
152,joejonas,2,c
153,nbaontnt,2,m
154,esquirenetwork,2,m
155,tyrabanks,2,c
156,johnkerry,3,p
157,danieltosh,1,c
158,uninoticias,3,m
159,mindykaling,2,c
160,50cent,2,c
161,kourtneykardash,2,c
162,georgehwbush,3,p
163,ew,1,m
164,brunomars,2,c
165,andersoncooper,2,c
166,conanobrien,1,c
167,teamcantor,0,p
168,iggyazalea,1,c
169,sentedcruz,0,p
170,britneyspears,2,c
171,enews,1,m
172,npr,3,m
173,realdonaldtrump,3,p
174,tyga,2,c
175,billdeblasio,3,p
176,gadgetlab,0,m
177,darrellissa,0,p
178,ericcantor,0,p
179,cosmopolitan,1,m
180,khloekardashian,1,c
181,wiredscience,0,m
182,nbatv,1,m
183,dccc,0,p
184,jessicaalba,2,c
185,jebbush,3,p
186,womenshealthmag,1,m
187,karlrove,0,p
188,robertdowneyjr,2,c
189,nbc,2,m
190,johnemichel,0,p
191,governorperry,0,p
192,billgates,2,c
193,sarahpalinusa,0,p
194,joetrippi,0,p
195,pharrell,1,c
196,foodandwine,1,m
197,sarahksilverman,2,c
198,buzzfeed,1,m
199,fortunemagazine,2,m
200,evalongoria,2,c
201,jtimberlake,2,c
202,azizansari,2,c
203,camerondallas,2,c
204,iamwill,2,c
205,younghollywood,1,m
206,maroon5,2,c
207,serenawilliams,2,c
208,newtgingrich,0,p
209,govgaryjohnson,0,p
210,cntraveler,0,m
211,bet,1,m
212,history,2,m
213,senmikelee,0,p
214,ladygaga,2,c
215,cnbc,3,m
216,thedemocrats,3,p
217,politico,3,m
218,govwalker,0,p
219,sethmacfarlane,2,c
220,marcanthony,2,c
221,michelebachmann,0,p
222,tmagazine,1,m
223,businessinsider,3,m
224,thr,1,m
225,travelchannel,2,m
226,ap,3,m
227,shawnmendes,2,c
228,snoopdogg,1,c
229,carmeloanthony,2,c
230,cnnmoney,3,m
231,lukebryanonline,2,c
232,voguemagazine,1,m
233,inc,1,m
234,pink,2,c
235,ashleytisdale,2,c
236,shaq,2,c
237,stephencurry30,3,c
238,repjohnlewis,3,p
239,teenvogue,1,m
240,menshealthmag,1,m
241,alfranken,3,p
242,johnkingated,0,p
243,selenagomez,2,c
244,goodhealth,2,m
245,mittromney,3,p
246,jimdemint,0,p
247,realbencarson,0,p
248,massgovernor,3,p
249,pryan,3,p
250,bigsean,2,c
251,latimes,3,m
252,nytimes,3,m
253,krisjenner,2,c
254,jasoninthehouse,0,p
255,sciencechannel,2,m
256,kingjames,2,c
257,parenting,1,m
258,ambassadorrice,3,p
259,newyorker,3,m
260,wired,3,m
261,wizkhalifa,2,c
262,senjohnmccain,0,p
263,weatherchannel,3,m
264,timkaine,3,p
265,ericgarcetti,0,p
266,barackobama,3,p
267,davidaxelrod,3,p
268,lindsaylohan,2,c
269,condoleezzarice,0,p
270,wendydavis,0,p
271,nflnetwork,0,m
272,parishilton,2,c
273,nickjonas,2,c
274,life,3,m
275,jimmyfallon,1,c
276,jeffarazzi,0,p
277,chrischristie,0,p
278,justinbieber,2,c
279,scottwalker,0,p
280,preetbharara,0,p
281,berniesanders,0,p
282,pitbull,2,c
283,tppatriots,0,p
284,tmz,1,m
285,marvel,2,m
