,User,Partition,Type
0,algore,1,p
1,jlo,0,c
2,ludacris,0,c
3,chrisbrown,0,c
4,channingtatum,0,c
5,thehill,2,m
6,mashable,3,m
7,leodicaprio,3,c
8,ciara,0,c
9,thereval,1,p
10,newsweek,1,m
11,marcorubio,2,p
12,johnkasich,2,p
13,tgowdysc,2,p
14,digg,3,m
15,nikkihaley,3,p
16,freedomworks,2,p
17,sengillibrand,1,p
18,jessicasimpson,3,c
19,kyliejenner,0,c
20,kendricklamar,3,c
21,austinmahone,0,c
22,bobbyjindal,2,p
23,salahitareq,3,p
24,nickiminaj,0,c
25,nytimesworld,1,m
26,billclinton,1,p
27,techcrunch,3,m
28,foxsports,3,m
29,travelleisure,0,m
30,corybooker,1,p
31,kobebryant,0,c
32,nasahqphoto,3,p
33,arianagrande,0,c
34,mileycyrus,0,c
35,tedcruz,2,p
36,sensanders,1,p
37,lindasuhler,2,p
38,carlyfiorina,2,p
39,comedycentral,0,m
40,jcolenc,3,c
41,fastcompany,3,m
42,gabbygiffords,1,p
43,thehermancain,2,p
44,jimcarrey,3,c
45,katyperry,0,c
46,kdtrey5,3,c
47,pbs,3,m
48,reince,2,p
49,vanityfair,3,m
50,aplusk,3,c
51,wsj,2,m
52,joebiden,1,p
53,lagarde,3,p
54,theatlantic,1,m
55,mcfaul,1,p
56,nickelodeontv,0,m
57,madam_president,1,p
58,kevinhart4real,0,c
59,victoriajustice,0,c
60,allenwest,2,p
61,ryanseacrest,0,c
62,speakerryan,2,p
63,charliesheen,3,c
64,parentsmagazine,3,m
65,natgeophotos,3,m
66,jimmykimmel,0,c
67,nytimesarts,3,m
68,people,0,m
69,mariahcarey,0,c
70,ellemagazine,0,m
71,foxnews,2,m
72,kimkardashian,0,c
73,astro_jose,3,p
74,wwd,0,m
75,usher,0,c
76,liltunechi,3,c
77,billboard,0,m
78,gavinnewsom,1,p
79,rollingstone,0,m
80,iamdiddy,0,c
81,cnni,3,m
82,govmikehuckabee,2,p
83,nancypelosi,1,p
84,senatorreid,1,p
85,abc,1,m
86,cbsnews,1,m
87,oprah,0,c
88,natgeotravel,3,m
89,harvardbiz,3,m
90,marketwatch,3,m
91,randpaul,2,p
92,kendalljenner,0,c
93,xtina,0,c
94,ricksantorum,2,p
95,govchristie,3,p
96,stephenathome,3,c
97,ronpaul,3,p
98,nytimesbooks,3,m
99,taylorswift13,0,c
100,sciam,3,m
101,gov,2,m
102,washingtonpost,1,m
103,gop,2,p
104,speakerboehner,2,p
105,discovery,0,m
106,usatoday,1,m
107,billpostmus,2,p
108,hillaryclinton,1,p
109,slate,1,m
110,twitterapi,3,m
111,business,1,m
112,mirandacosgrove,3,c
113,lmfao,3,c
114,nbcnews,3,m
115,univision,3,m
116,elizabethforma,1,p
117,treysongz,0,c
118,eminem,3,c
119,bw,3,m
120,aliciakeys,0,c
121,jerrybrowngov,1,p
122,kelly_clarkson,0,c
123,kasimreed,1,p
124,usweekly,0,m
125,blakeshelton,0,c
126,hbo,0,m
127,zacefron,0,c
128,potus,1,p
129,donnabrazile,1,p
130,senschumer,1,p
131,nprpolitics,1,m
132,stevemartintogo,3,c
133,senwarren,1,p
134,whowhatwear,3,m
135,housedemocrats,1,p
136,ddlovato,0,c
137,kanyewest,0,c
138,theellenshow,0,c
139,actuallynph,3,c
140,johnlegend,1,c
141,realsimple,3,m
142,foramerica,2,p
143,rbreich,1,p
144,marieclaire,3,m
145,therock,0,c
146,dwstweets,1,p
147,repronpaul,3,p
148,mufihannemann,3,p
149,iamqueenlatifah,0,c
150,johncena,0,c
151,entrepreneur,3,m
152,joejonas,0,c
153,nbaontnt,3,m
154,esquirenetwork,0,m
155,tyrabanks,0,c
156,johnkerry,1,p
157,danieltosh,3,c
158,uninoticias,3,m
159,mindykaling,0,c
160,50cent,0,c
161,kourtneykardash,0,c
162,georgehwbush,3,p
163,ew,0,m
164,brunomars,0,c
165,andersoncooper,3,c
166,conanobrien,3,c
167,teamcantor,2,p
168,iggyazalea,0,c
169,sentedcruz,2,p
170,britneyspears,0,c
171,enews,0,m
172,npr,1,m
173,realdonaldtrump,2,p
174,tyga,0,c
175,billdeblasio,1,p
176,gadgetlab,3,m
177,darrellissa,2,p
178,ericcantor,2,p
179,cosmopolitan,0,m
180,khloekardashian,0,c
181,wiredscience,3,m
182,nbatv,3,m
183,dccc,1,p
184,jessicaalba,0,c
185,jebbush,2,p
186,womenshealthmag,3,m
187,karlrove,2,p
188,robertdowneyjr,0,c
189,nbc,0,m
190,johnemichel,3,p
191,governorperry,2,p
192,billgates,3,c
193,sarahpalinusa,2,p
194,joetrippi,1,p
195,pharrell,0,c
196,foodandwine,3,m
197,sarahksilverman,1,c
198,buzzfeed,0,m
199,fortunemagazine,0,m
200,evalongoria,3,c
201,jtimberlake,0,c
202,azizansari,0,c
203,camerondallas,0,c
204,iamwill,0,c
205,younghollywood,0,m
206,maroon5,0,c
207,serenawilliams,3,c
208,newtgingrich,2,p
209,govgaryjohnson,2,p
210,cntraveler,3,m
211,bet,0,m
212,history,3,m
213,senmikelee,2,p
214,ladygaga,0,c
215,cnbc,2,m
216,thedemocrats,1,p
217,politico,2,m
218,govwalker,3,p
219,sethmacfarlane,1,c
220,marcanthony,3,c
221,michelebachmann,2,p
222,tmagazine,3,m
223,businessinsider,3,m
224,thr,0,m
225,travelchannel,3,m
226,ap,1,m
227,shawnmendes,0,c
228,snoopdogg,0,c
229,carmeloanthony,3,c
230,cnnmoney,3,m
231,lukebryanonline,0,c
232,voguemagazine,0,m
233,inc,3,m
234,pink,3,c
235,ashleytisdale,0,c
236,shaq,0,c
237,stephencurry30,3,c
238,repjohnlewis,1,p
239,teenvogue,3,m
240,menshealthmag,3,m
241,alfranken,3,p
242,johnkingated,3,p
243,selenagomez,0,c
244,goodhealth,0,m
245,mittromney,2,p
246,jimdemint,2,p
247,realbencarson,2,p
248,massgovernor,3,p
249,pryan,2,p
250,bigsean,0,c
251,latimes,1,m
252,nytimes,1,m
253,krisjenner,0,c
254,jasoninthehouse,2,p
255,sciencechannel,3,m
256,kingjames,0,c
257,parenting,3,m
258,ambassadorrice,1,p
259,newyorker,1,m
260,wired,3,m
261,wizkhalifa,0,c
262,senjohnmccain,2,p
263,weatherchannel,1,m
264,timkaine,1,p
265,ericgarcetti,3,p
266,barackobama,1,p
267,davidaxelrod,1,p
268,lindsaylohan,0,c
269,condoleezzarice,3,p
270,wendydavis,1,p
271,nflnetwork,3,m
272,parishilton,0,c
273,nickjonas,0,c
274,life,3,m
275,jimmyfallon,0,c
276,jeffarazzi,3,p
277,chrischristie,2,p
278,justinbieber,0,c
279,scottwalker,2,p
280,preetbharara,3,p
281,berniesanders,1,p
282,pitbull,0,c
283,tppatriots,2,p
284,tmz,3,m
285,marvel,0,m
