,User,Partition,Type
0,algore,0,p
1,jlo,2,c
2,ludacris,2,c
3,chrisbrown,2,c
4,channingtatum,1,c
5,thehill,1,m
6,mashable,0,m
7,leodicaprio,0,c
8,ciara,1,c
9,thereval,2,p
10,newsweek,0,m
11,marcorubio,0,p
12,johnkasich,1,p
13,tgowdysc,1,p
14,digg,1,m
15,nikkihaley,1,p
16,freedomworks,0,p
17,sengillibrand,1,p
18,jessicasimpson,0,c
19,kyliejenner,2,c
20,kendricklamar,0,c
21,austinmahone,0,c
22,bobbyjindal,1,p
23,salahitareq,2,p
24,nickiminaj,1,c
25,nytimesworld,0,m
26,billclinton,0,p
27,techcrunch,0,m
28,foxsports,0,m
29,travelleisure,1,m
30,corybooker,0,p
31,kobebryant,0,c
32,nasahqphoto,2,p
33,arianagrande,1,c
34,mileycyrus,1,c
35,tedcruz,2,p
36,sensanders,0,p
37,lindasuhler,1,p
38,carlyfiorina,1,p
39,comedycentral,0,m
40,jcolenc,0,c
41,fastcompany,0,m
42,gabbygiffords,2,p
43,thehermancain,1,p
44,jimcarrey,1,c
45,katyperry,2,c
46,kdtrey5,0,c
47,pbs,0,m
48,reince,1,p
49,vanityfair,0,m
50,aplusk,0,c
51,wsj,1,m
52,joebiden,0,p
53,lagarde,0,p
54,theatlantic,1,m
55,mcfaul,2,p
56,nickelodeontv,1,m
57,madam_president,2,p
58,kevinhart4real,2,c
59,victoriajustice,1,c
60,allenwest,2,p
61,ryanseacrest,1,c
62,speakerryan,0,p
63,charliesheen,0,c
64,parentsmagazine,0,m
65,natgeophotos,2,m
66,jimmykimmel,0,c
67,nytimesarts,2,m
68,people,2,m
69,mariahcarey,2,c
70,ellemagazine,1,m
71,foxnews,2,m
72,kimkardashian,0,c
73,astro_jose,2,p
74,wwd,2,m
75,usher,0,c
76,liltunechi,2,c
77,billboard,1,m
78,gavinnewsom,2,p
79,rollingstone,2,m
80,iamdiddy,0,c
81,cnni,1,m
82,govmikehuckabee,1,p
83,nancypelosi,1,p
84,senatorreid,1,p
85,abc,2,m
86,cbsnews,0,m
87,oprah,0,c
88,natgeotravel,0,m
89,harvardbiz,2,m
90,marketwatch,2,m
91,randpaul,1,p
92,kendalljenner,0,c
93,xtina,0,c
94,ricksantorum,0,p
95,govchristie,1,p
96,stephenathome,2,c
97,ronpaul,2,p
98,nytimesbooks,0,m
99,taylorswift13,2,c
100,sciam,0,m
101,gov,2,m
102,washingtonpost,1,m
103,gop,0,p
104,speakerboehner,2,p
105,discovery,1,m
106,usatoday,1,m
107,billpostmus,1,p
108,hillaryclinton,0,p
109,slate,0,m
110,twitterapi,1,m
111,business,0,m
112,mirandacosgrove,0,c
113,lmfao,1,c
114,nbcnews,0,m
115,univision,1,m
116,elizabethforma,2,p
117,treysongz,0,c
118,eminem,1,c
119,bw,0,m
120,aliciakeys,2,c
121,jerrybrowngov,0,p
122,kelly_clarkson,2,c
123,kasimreed,0,p
124,usweekly,2,m
125,blakeshelton,2,c
126,hbo,2,m
127,zacefron,2,c
128,potus,2,p
129,donnabrazile,0,p
130,senschumer,1,p
131,nprpolitics,1,m
132,stevemartintogo,1,c
133,senwarren,1,p
134,whowhatwear,0,m
135,housedemocrats,0,p
136,ddlovato,2,c
137,kanyewest,0,c
138,theellenshow,0,c
139,actuallynph,2,c
140,johnlegend,0,c
141,realsimple,2,m
142,foramerica,0,p
143,rbreich,1,p
144,marieclaire,0,m
145,therock,2,c
146,dwstweets,2,p
147,repronpaul,2,p
148,mufihannemann,2,p
149,iamqueenlatifah,0,c
150,johncena,0,c
151,entrepreneur,2,m
152,joejonas,1,c
153,nbaontnt,0,m
154,esquirenetwork,0,m
155,tyrabanks,2,c
156,johnkerry,2,p
157,danieltosh,1,c
158,uninoticias,2,m
159,mindykaling,0,c
160,50cent,2,c
161,kourtneykardash,2,c
162,georgehwbush,2,p
163,ew,0,m
164,brunomars,0,c
165,andersoncooper,2,c
166,conanobrien,2,c
167,teamcantor,0,p
168,iggyazalea,1,c
169,sentedcruz,0,p
170,britneyspears,1,c
171,enews,2,m
172,npr,2,m
173,realdonaldtrump,0,p
174,tyga,1,c
175,billdeblasio,2,p
176,gadgetlab,1,m
177,darrellissa,1,p
178,ericcantor,0,p
179,cosmopolitan,1,m
180,khloekardashian,1,c
181,wiredscience,2,m
182,nbatv,2,m
183,dccc,0,p
184,jessicaalba,0,c
185,jebbush,1,p
186,womenshealthmag,2,m
187,karlrove,1,p
188,robertdowneyjr,0,c
189,nbc,1,m
190,johnemichel,1,p
191,governorperry,0,p
192,billgates,1,c
193,sarahpalinusa,0,p
194,joetrippi,1,p
195,pharrell,2,c
196,foodandwine,0,m
197,sarahksilverman,2,c
198,buzzfeed,2,m
199,fortunemagazine,2,m
200,evalongoria,0,c
201,jtimberlake,2,c
202,azizansari,2,c
203,camerondallas,2,c
204,iamwill,2,c
205,younghollywood,2,m
206,maroon5,0,c
207,serenawilliams,1,c
208,newtgingrich,1,p
209,govgaryjohnson,1,p
210,cntraveler,2,m
211,bet,0,m
212,history,1,m
213,senmikelee,0,p
214,ladygaga,1,c
215,cnbc,1,m
216,thedemocrats,0,p
217,politico,0,m
218,govwalker,1,p
219,sethmacfarlane,1,c
220,marcanthony,0,c
221,michelebachmann,0,p
222,tmagazine,2,m
223,businessinsider,2,m
224,thr,2,m
225,travelchannel,0,m
226,ap,0,m
227,shawnmendes,0,c
228,snoopdogg,2,c
229,carmeloanthony,0,c
230,cnnmoney,2,m
231,lukebryanonline,2,c
232,voguemagazine,2,m
233,inc,1,m
234,pink,0,c
235,ashleytisdale,0,c
236,shaq,0,c
237,stephencurry30,0,c
238,repjohnlewis,0,p
239,teenvogue,2,m
240,menshealthmag,0,m
241,alfranken,1,p
242,johnkingated,2,p
243,selenagomez,1,c
244,goodhealth,1,m
245,mittromney,2,p
246,jimdemint,0,p
247,realbencarson,1,p
248,massgovernor,2,p
249,pryan,1,p
250,bigsean,0,c
251,latimes,1,m
252,nytimes,1,m
253,krisjenner,1,c
254,jasoninthehouse,0,p
255,sciencechannel,2,m
256,kingjames,2,c
257,parenting,0,m
258,ambassadorrice,0,p
259,newyorker,1,m
260,wired,0,m
261,wizkhalifa,0,c
262,senjohnmccain,2,p
263,weatherchannel,1,m
264,timkaine,0,p
265,ericgarcetti,1,p
266,barackobama,0,p
267,davidaxelrod,1,p
268,lindsaylohan,1,c
269,condoleezzarice,2,p
270,wendydavis,2,p
271,nflnetwork,1,m
272,parishilton,0,c
273,nickjonas,2,c
274,life,1,m
275,jimmyfallon,2,c
276,jeffarazzi,0,p
277,chrischristie,0,p
278,justinbieber,1,c
279,scottwalker,0,p
280,preetbharara,0,p
281,berniesanders,1,p
282,pitbull,2,c
283,tppatriots,0,p
284,tmz,2,m
285,marvel,2,m
