,User,Partition,Type
0,algore,2,p
1,jlo,2,c
2,ludacris,1,c
3,chrisbrown,1,c
4,channingtatum,2,c
5,thehill,2,m
6,mashable,2,m
7,leodicaprio,2,c
8,ciara,2,c
9,thereval,1,p
10,newsweek,2,m
11,marcorubio,2,p
12,johnkasich,2,p
13,tgowdysc,0,p
14,digg,0,m
15,nikkihaley,2,p
16,freedomworks,0,p
17,sengillibrand,2,p
18,jessicasimpson,2,c
19,kyliejenner,2,c
20,kendricklamar,2,c
21,austinmahone,1,c
22,bobbyjindal,0,p
23,salahitareq,1,p
24,nickiminaj,2,c
25,nytimesworld,2,m
26,billclinton,2,p
27,techcrunch,2,m
28,foxsports,2,m
29,travelleisure,2,m
30,corybooker,2,p
31,kobebryant,2,c
32,nasahqphoto,1,p
33,arianagrande,2,c
34,mileycyrus,2,c
35,tedcruz,1,p
36,sensanders,2,p
37,lindasuhler,0,p
38,carlyfiorina,0,p
39,comedycentral,2,m
40,jcolenc,2,c
41,fastcompany,2,m
42,gabbygiffords,2,p
43,thehermancain,0,p
44,jimcarrey,2,c
45,katyperry,1,c
46,kdtrey5,2,c
47,pbs,2,m
48,reince,2,p
49,vanityfair,1,m
50,aplusk,2,c
51,wsj,2,m
52,joebiden,2,p
53,lagarde,2,p
54,theatlantic,2,m
55,mcfaul,1,p
56,nickelodeontv,2,m
57,madam_president,1,p
58,kevinhart4real,2,c
59,victoriajustice,0,c
60,allenwest,1,p
61,ryanseacrest,0,c
62,speakerryan,2,p
63,charliesheen,2,c
64,parentsmagazine,2,m
65,natgeophotos,1,m
66,jimmykimmel,2,c
67,nytimesarts,1,m
68,people,1,m
69,mariahcarey,2,c
70,ellemagazine,2,m
71,foxnews,2,m
72,kimkardashian,2,c
73,astro_jose,1,p
74,wwd,1,m
75,usher,2,c
76,liltunechi,1,c
77,billboard,2,m
78,gavinnewsom,1,p
79,rollingstone,1,m
80,iamdiddy,2,c
81,cnni,0,m
82,govmikehuckabee,2,p
83,nancypelosi,2,p
84,senatorreid,2,p
85,abc,1,m
86,cbsnews,2,m
87,oprah,2,c
88,natgeotravel,2,m
89,harvardbiz,2,m
90,marketwatch,2,m
91,randpaul,0,p
92,kendalljenner,2,c
93,xtina,1,c
94,ricksantorum,2,p
95,govchristie,2,p
96,stephenathome,1,c
97,ronpaul,2,p
98,nytimesbooks,2,m
99,taylorswift13,1,c
100,sciam,2,m
101,gov,2,m
102,washingtonpost,2,m
103,gop,2,p
104,speakerboehner,1,p
105,discovery,2,m
106,usatoday,0,m
107,billpostmus,2,p
108,hillaryclinton,2,p
109,slate,2,m
110,twitterapi,2,m
111,business,2,m
112,mirandacosgrove,2,c
113,lmfao,2,c
114,nbcnews,2,m
115,univision,2,m
116,elizabethforma,1,p
117,treysongz,2,c
118,eminem,0,c
119,bw,2,m
120,aliciakeys,1,c
121,jerrybrowngov,2,p
122,kelly_clarkson,1,c
123,kasimreed,2,p
124,usweekly,1,m
125,blakeshelton,1,c
126,hbo,1,m
127,zacefron,1,c
128,potus,1,p
129,donnabrazile,2,p
130,senschumer,2,p
131,nprpolitics,2,m
132,stevemartintogo,2,c
133,senwarren,2,p
134,whowhatwear,2,m
135,housedemocrats,2,p
136,ddlovato,1,c
137,kanyewest,2,c
138,theellenshow,2,c
139,actuallynph,1,c
140,johnlegend,2,c
141,realsimple,1,m
142,foramerica,2,p
143,rbreich,0,p
144,marieclaire,2,m
145,therock,2,c
146,dwstweets,1,p
147,repronpaul,1,p
148,mufihannemann,1,p
149,iamqueenlatifah,2,c
150,johncena,2,c
151,entrepreneur,1,m
152,joejonas,2,c
153,nbaontnt,2,m
154,esquirenetwork,2,m
155,tyrabanks,1,c
156,johnkerry,1,p
157,danieltosh,2,c
158,uninoticias,2,m
159,mindykaling,2,c
160,50cent,1,c
161,kourtneykardash,2,c
162,georgehwbush,2,p
163,ew,2,m
164,brunomars,2,c
165,andersoncooper,1,c
166,conanobrien,2,c
167,teamcantor,2,p
168,iggyazalea,2,c
169,sentedcruz,2,p
170,britneyspears,0,c
171,enews,1,m
172,npr,1,m
173,realdonaldtrump,2,p
174,tyga,2,c
175,billdeblasio,1,p
176,gadgetlab,0,m
177,darrellissa,0,p
178,ericcantor,2,p
179,cosmopolitan,0,m
180,khloekardashian,2,c
181,wiredscience,1,m
182,nbatv,2,m
183,dccc,2,p
184,jessicaalba,2,c
185,jebbush,2,p
186,womenshealthmag,1,m
187,karlrove,2,p
188,robertdowneyjr,2,c
189,nbc,0,m
190,johnemichel,2,p
191,governorperry,2,p
192,billgates,0,c
193,sarahpalinusa,2,p
194,joetrippi,2,p
195,pharrell,1,c
196,foodandwine,2,m
197,sarahksilverman,2,c
198,buzzfeed,1,m
199,fortunemagazine,1,m
200,evalongoria,1,c
201,jtimberlake,1,c
202,azizansari,1,c
203,camerondallas,1,c
204,iamwill,1,c
205,younghollywood,1,m
206,maroon5,2,c
207,serenawilliams,0,c
208,newtgingrich,0,p
209,govgaryjohnson,2,p
210,cntraveler,2,m
211,bet,1,m
212,history,2,m
213,senmikelee,2,p
214,ladygaga,2,c
215,cnbc,2,m
216,thedemocrats,2,p
217,politico,2,m
218,govwalker,0,p
219,sethmacfarlane,2,c
220,marcanthony,2,c
221,michelebachmann,2,p
222,tmagazine,2,m
223,businessinsider,1,m
224,thr,2,m
225,travelchannel,2,m
226,ap,2,m
227,shawnmendes,2,c
228,snoopdogg,1,c
229,carmeloanthony,2,c
230,cnnmoney,1,m
231,lukebryanonline,1,c
232,voguemagazine,1,m
233,inc,2,m
234,pink,1,c
235,ashleytisdale,2,c
236,shaq,2,c
237,stephencurry30,2,c
238,repjohnlewis,2,p
239,teenvogue,2,m
240,menshealthmag,2,m
241,alfranken,2,p
242,johnkingated,1,p
243,selenagomez,2,c
244,goodhealth,2,m
245,mittromney,2,p
246,jimdemint,2,p
247,realbencarson,2,p
248,massgovernor,1,p
249,pryan,0,p
250,bigsean,2,c
251,latimes,2,m
252,nytimes,0,m
253,krisjenner,0,c
254,jasoninthehouse,2,p
255,sciencechannel,1,m
256,kingjames,1,c
257,parenting,2,m
258,ambassadorrice,2,p
259,newyorker,0,m
260,wired,2,m
261,wizkhalifa,2,c
262,senjohnmccain,1,p
263,weatherchannel,0,m
264,timkaine,2,p
265,ericgarcetti,2,p
266,barackobama,2,p
267,davidaxelrod,2,p
268,lindsaylohan,2,c
269,condoleezzarice,2,p
270,wendydavis,2,p
271,nflnetwork,2,m
272,parishilton,2,c
273,nickjonas,1,c
274,life,2,m
275,jimmyfallon,1,c
276,jeffarazzi,2,p
277,chrischristie,2,p
278,justinbieber,2,c
279,scottwalker,2,p
280,preetbharara,2,p
281,berniesanders,2,p
282,pitbull,1,c
283,tppatriots,2,p
284,tmz,1,m
285,marvel,1,m
