,User,Partition,Type
0,algore,2,p
1,jlo,1,c
2,ludacris,0,c
3,chrisbrown,1,c
4,channingtatum,1,c
5,thehill,0,m
6,mashable,0,m
7,leodicaprio,2,c
8,ciara,1,c
9,thereval,2,p
10,newsweek,3,m
11,marcorubio,3,p
12,johnkasich,3,p
13,tgowdysc,3,p
14,digg,2,m
15,nikkihaley,0,p
16,freedomworks,3,p
17,sengillibrand,2,p
18,jessicasimpson,0,c
19,kyliejenner,1,c
20,kendricklamar,0,c
21,austinmahone,1,c
22,bobbyjindal,3,p
23,salahitareq,0,p
24,nickiminaj,0,c
25,nytimesworld,2,m
26,billclinton,2,p
27,techcrunch,0,m
28,foxsports,1,m
29,travelleisure,1,m
30,corybooker,2,p
31,kobebryant,1,c
32,nasahqphoto,0,p
33,arianagrande,1,c
34,mileycyrus,1,c
35,tedcruz,3,p
36,sensanders,2,p
37,lindasuhler,3,p
38,carlyfiorina,3,p
39,comedycentral,1,m
40,jcolenc,0,c
41,fastcompany,0,m
42,gabbygiffords,2,p
43,thehermancain,3,p
44,jimcarrey,0,c
45,katyperry,1,c
46,kdtrey5,0,c
47,pbs,1,m
48,reince,3,p
49,vanityfair,2,m
50,aplusk,0,c
51,wsj,0,m
52,joebiden,2,p
53,lagarde,0,p
54,theatlantic,2,m
55,mcfaul,2,p
56,nickelodeontv,1,m
57,madam_president,2,p
58,kevinhart4real,1,c
59,victoriajustice,1,c
60,allenwest,3,p
61,ryanseacrest,1,c
62,speakerryan,3,p
63,charliesheen,1,c
64,parentsmagazine,0,m
65,natgeophotos,0,m
66,jimmykimmel,1,c
67,nytimesarts,2,m
68,people,1,m
69,mariahcarey,1,c
70,ellemagazine,0,m
71,foxnews,0,m
72,kimkardashian,1,c
73,astro_jose,2,p
74,wwd,0,m
75,usher,1,c
76,liltunechi,0,c
77,billboard,0,m
78,gavinnewsom,2,p
79,rollingstone,0,m
80,iamdiddy,1,c
81,cnni,0,m
82,govmikehuckabee,3,p
83,nancypelosi,2,p
84,senatorreid,2,p
85,abc,0,m
86,cbsnews,0,m
87,oprah,1,c
88,natgeotravel,0,m
89,harvardbiz,2,m
90,marketwatch,3,m
91,randpaul,3,p
92,kendalljenner,1,c
93,xtina,1,c
94,ricksantorum,3,p
95,govchristie,1,p
96,stephenathome,1,c
97,ronpaul,0,p
98,nytimesbooks,0,m
99,taylorswift13,1,c
100,sciam,0,m
101,gov,2,m
102,washingtonpost,0,m
103,gop,3,p
104,speakerboehner,3,p
105,discovery,1,m
106,usatoday,0,m
107,billpostmus,3,p
108,hillaryclinton,2,p
109,slate,0,m
110,twitterapi,0,m
111,business,0,m
112,mirandacosgrove,1,c
113,lmfao,1,c
114,nbcnews,0,m
115,univision,0,m
116,elizabethforma,2,p
117,treysongz,1,c
118,eminem,0,c
119,bw,2,m
120,aliciakeys,1,c
121,jerrybrowngov,2,p
122,kelly_clarkson,1,c
123,kasimreed,2,p
124,usweekly,0,m
125,blakeshelton,1,c
126,hbo,1,m
127,zacefron,1,c
128,potus,2,p
129,donnabrazile,2,p
130,senschumer,2,p
131,nprpolitics,2,m
132,stevemartintogo,1,c
133,senwarren,2,p
134,whowhatwear,0,m
135,housedemocrats,2,p
136,ddlovato,1,c
137,kanyewest,0,c
138,theellenshow,1,c
139,actuallynph,1,c
140,johnlegend,2,c
141,realsimple,1,m
142,foramerica,3,p
143,rbreich,2,p
144,marieclaire,1,m
145,therock,1,c
146,dwstweets,2,p
147,repronpaul,0,p
148,mufihannemann,2,p
149,iamqueenlatifah,1,c
150,johncena,1,c
151,entrepreneur,0,m
152,joejonas,1,c
153,nbaontnt,0,m
154,esquirenetwork,1,m
155,tyrabanks,1,c
156,johnkerry,2,p
157,danieltosh,0,c
158,uninoticias,0,m
159,mindykaling,1,c
160,50cent,1,c
161,kourtneykardash,1,c
162,georgehwbush,0,p
163,ew,1,m
164,brunomars,1,c
165,andersoncooper,1,c
166,conanobrien,0,c
167,teamcantor,3,p
168,iggyazalea,1,c
169,sentedcruz,3,p
170,britneyspears,1,c
171,enews,0,m
172,npr,2,m
173,realdonaldtrump,3,p
174,tyga,1,c
175,billdeblasio,0,p
176,gadgetlab,0,m
177,darrellissa,3,p
178,ericcantor,3,p
179,cosmopolitan,1,m
180,khloekardashian,1,c
181,wiredscience,0,m
182,nbatv,0,m
183,dccc,2,p
184,jessicaalba,1,c
185,jebbush,3,p
186,womenshealthmag,0,m
187,karlrove,3,p
188,robertdowneyjr,1,c
189,nbc,1,m
190,johnemichel,3,p
191,governorperry,3,p
192,billgates,0,c
193,sarahpalinusa,3,p
194,joetrippi,2,p
195,pharrell,1,c
196,foodandwine,0,m
197,sarahksilverman,2,c
198,buzzfeed,1,m
199,fortunemagazine,1,m
200,evalongoria,2,c
201,jtimberlake,1,c
202,azizansari,1,c
203,camerondallas,1,c
204,iamwill,1,c
205,younghollywood,1,m
206,maroon5,1,c
207,serenawilliams,1,c
208,newtgingrich,3,p
209,govgaryjohnson,3,p
210,cntraveler,0,m
211,bet,0,m
212,history,1,m
213,senmikelee,3,p
214,ladygaga,1,c
215,cnbc,0,m
216,thedemocrats,2,p
217,politico,0,m
218,govwalker,0,p
219,sethmacfarlane,2,c
220,marcanthony,1,c
221,michelebachmann,3,p
222,tmagazine,2,m
223,businessinsider,0,m
224,thr,1,m
225,travelchannel,1,m
226,ap,0,m
227,shawnmendes,1,c
228,snoopdogg,1,c
229,carmeloanthony,0,c
230,cnnmoney,0,m
231,lukebryanonline,1,c
232,voguemagazine,0,m
233,inc,0,m
234,pink,2,c
235,ashleytisdale,1,c
236,shaq,0,c
237,stephencurry30,0,c
238,repjohnlewis,2,p
239,teenvogue,2,m
240,menshealthmag,0,m
241,alfranken,2,p
242,johnkingated,2,p
243,selenagomez,1,c
244,goodhealth,1,m
245,mittromney,3,p
246,jimdemint,3,p
247,realbencarson,3,p
248,massgovernor,0,p
249,pryan,3,p
250,bigsean,1,c
251,latimes,0,m
252,nytimes,0,m
253,krisjenner,1,c
254,jasoninthehouse,3,p
255,sciencechannel,1,m
256,kingjames,1,c
257,parenting,0,m
258,ambassadorrice,2,p
259,newyorker,2,m
260,wired,0,m
261,wizkhalifa,1,c
262,senjohnmccain,3,p
263,weatherchannel,0,m
264,timkaine,2,p
265,ericgarcetti,2,p
266,barackobama,2,p
267,davidaxelrod,2,p
268,lindsaylohan,1,c
269,condoleezzarice,3,p
270,wendydavis,2,p
271,nflnetwork,0,m
272,parishilton,1,c
273,nickjonas,1,c
274,life,0,m
275,jimmyfallon,1,c
276,jeffarazzi,0,p
277,chrischristie,3,p
278,justinbieber,1,c
279,scottwalker,3,p
280,preetbharara,2,p
281,berniesanders,2,p
282,pitbull,1,c
283,tppatriots,3,p
284,tmz,0,m
285,marvel,1,m
