,User,Partition,Type
0,algore,0,p
1,jlo,3,c
2,ludacris,1,c
3,chrisbrown,1,c
4,channingtatum,3,c
5,thehill,0,m
6,mashable,3,m
7,leodicaprio,3,c
8,ciara,3,c
9,thereval,1,p
10,newsweek,3,m
11,marcorubio,0,p
12,johnkasich,0,p
13,tgowdysc,2,p
14,digg,2,m
15,nikkihaley,3,p
16,freedomworks,2,p
17,sengillibrand,0,p
18,jessicasimpson,3,c
19,kyliejenner,1,c
20,kendricklamar,3,c
21,austinmahone,1,c
22,bobbyjindal,2,p
23,salahitareq,1,p
24,nickiminaj,3,c
25,nytimesworld,0,m
26,billclinton,3,p
27,techcrunch,3,m
28,foxsports,3,m
29,travelleisure,0,m
30,corybooker,3,p
31,kobebryant,3,c
32,nasahqphoto,1,p
33,arianagrande,0,c
34,mileycyrus,3,c
35,tedcruz,1,p
36,sensanders,3,p
37,lindasuhler,2,p
38,carlyfiorina,2,p
39,comedycentral,3,m
40,jcolenc,3,c
41,fastcompany,3,m
42,gabbygiffords,3,p
43,thehermancain,2,p
44,jimcarrey,0,c
45,katyperry,1,c
46,kdtrey5,3,c
47,pbs,3,m
48,reince,3,p
49,vanityfair,3,m
50,aplusk,3,c
51,wsj,0,m
52,joebiden,0,p
53,lagarde,3,p
54,theatlantic,3,m
55,mcfaul,1,p
56,nickelodeontv,0,m
57,madam_president,1,p
58,kevinhart4real,1,c
59,victoriajustice,2,c
60,allenwest,1,p
61,ryanseacrest,2,c
62,speakerryan,3,p
63,charliesheen,3,c
64,parentsmagazine,3,m
65,natgeophotos,1,m
66,jimmykimmel,3,c
67,nytimesarts,1,m
68,people,1,m
69,mariahcarey,3,c
70,ellemagazine,3,m
71,foxnews,1,m
72,kimkardashian,3,c
73,astro_jose,1,p
74,wwd,1,m
75,usher,3,c
76,liltunechi,1,c
77,billboard,0,m
78,gavinnewsom,1,p
79,rollingstone,1,m
80,iamdiddy,3,c
81,cnni,2,m
82,govmikehuckabee,3,p
83,nancypelosi,0,p
84,senatorreid,0,p
85,abc,3,m
86,cbsnews,3,m
87,oprah,3,c
88,natgeotravel,3,m
89,harvardbiz,3,m
90,marketwatch,1,m
91,randpaul,2,p
92,kendalljenner,3,c
93,xtina,1,c
94,ricksantorum,3,p
95,govchristie,0,p
96,stephenathome,1,c
97,ronpaul,3,p
98,nytimesbooks,0,m
99,taylorswift13,1,c
100,sciam,3,m
101,gov,3,m
102,washingtonpost,3,m
103,gop,0,p
104,speakerboehner,1,p
105,discovery,0,m
106,usatoday,2,m
107,billpostmus,3,p
108,hillaryclinton,0,p
109,slate,3,m
110,twitterapi,3,m
111,business,3,m
112,mirandacosgrove,3,c
113,lmfao,3,c
114,nbcnews,3,m
115,univision,0,m
116,elizabethforma,1,p
117,treysongz,3,c
118,eminem,2,c
119,bw,3,m
120,aliciakeys,1,c
121,jerrybrowngov,0,p
122,kelly_clarkson,1,c
123,kasimreed,0,p
124,usweekly,1,m
125,blakeshelton,1,c
126,hbo,1,m
127,zacefron,1,c
128,potus,1,p
129,donnabrazile,0,p
130,senschumer,0,p
131,nprpolitics,3,m
132,stevemartintogo,3,c
133,senwarren,0,p
134,whowhatwear,3,m
135,housedemocrats,3,p
136,ddlovato,1,c
137,kanyewest,1,c
138,theellenshow,3,c
139,actuallynph,1,c
140,johnlegend,3,c
141,realsimple,0,m
142,foramerica,1,p
143,rbreich,2,p
144,marieclaire,0,m
145,therock,3,c
146,dwstweets,1,p
147,repronpaul,1,p
148,mufihannemann,1,p
149,iamqueenlatifah,3,c
150,johncena,3,c
151,entrepreneur,1,m
152,joejonas,0,c
153,nbaontnt,3,m
154,esquirenetwork,3,m
155,tyrabanks,1,c
156,johnkerry,1,p
157,danieltosh,0,c
158,uninoticias,3,m
159,mindykaling,1,c
160,50cent,1,c
161,kourtneykardash,1,c
162,georgehwbush,1,p
163,ew,3,m
164,brunomars,3,c
165,andersoncooper,1,c
166,conanobrien,1,c
167,teamcantor,3,p
168,iggyazalea,3,c
169,sentedcruz,3,p
170,britneyspears,2,c
171,enews,1,m
172,npr,1,m
173,realdonaldtrump,3,p
174,tyga,3,c
175,billdeblasio,1,p
176,gadgetlab,2,m
177,darrellissa,3,p
178,ericcantor,1,p
179,cosmopolitan,2,m
180,khloekardashian,0,c
181,wiredscience,1,m
182,nbatv,1,m
183,dccc,3,p
184,jessicaalba,3,c
185,jebbush,3,p
186,womenshealthmag,1,m
187,karlrove,3,p
188,robertdowneyjr,3,c
189,nbc,2,m
190,johnemichel,3,p
191,governorperry,3,p
192,billgates,2,c
193,sarahpalinusa,3,p
194,joetrippi,3,p
195,pharrell,1,c
196,foodandwine,3,m
197,sarahksilverman,3,c
198,buzzfeed,1,m
199,fortunemagazine,1,m
200,evalongoria,1,c
201,jtimberlake,1,c
202,azizansari,1,c
203,camerondallas,1,c
204,iamwill,1,c
205,younghollywood,1,m
206,maroon5,3,c
207,serenawilliams,2,c
208,newtgingrich,2,p
209,govgaryjohnson,0,p
210,cntraveler,1,m
211,bet,1,m
212,history,3,m
213,senmikelee,3,p
214,ladygaga,3,c
215,cnbc,0,m
216,thedemocrats,0,p
217,politico,3,m
218,govwalker,2,p
219,sethmacfarlane,3,c
220,marcanthony,3,c
221,michelebachmann,3,p
222,tmagazine,1,m
223,businessinsider,1,m
224,thr,1,m
225,travelchannel,3,m
226,ap,3,m
227,shawnmendes,3,c
228,snoopdogg,1,c
229,carmeloanthony,3,c
230,cnnmoney,1,m
231,lukebryanonline,1,c
232,voguemagazine,1,m
233,inc,0,m
234,pink,1,c
235,ashleytisdale,3,c
236,shaq,3,c
237,stephencurry30,3,c
238,repjohnlewis,3,p
239,teenvogue,1,m
240,menshealthmag,3,m
241,alfranken,0,p
242,johnkingated,1,p
243,selenagomez,3,c
244,goodhealth,3,m
245,mittromney,1,p
246,jimdemint,3,p
247,realbencarson,3,p
248,massgovernor,1,p
249,pryan,2,p
250,bigsean,3,c
251,latimes,0,m
252,nytimes,2,m
253,krisjenner,2,c
254,jasoninthehouse,3,p
255,sciencechannel,1,m
256,kingjames,1,c
257,parenting,3,m
258,ambassadorrice,3,p
259,newyorker,2,m
260,wired,3,m
261,wizkhalifa,0,c
262,senjohnmccain,1,p
263,weatherchannel,2,m
264,timkaine,0,p
265,ericgarcetti,0,p
266,barackobama,3,p
267,davidaxelrod,3,p
268,lindsaylohan,0,c
269,condoleezzarice,3,p
270,wendydavis,1,p
271,nflnetwork,0,m
272,parishilton,3,c
273,nickjonas,1,c
274,life,0,m
275,jimmyfallon,1,c
276,jeffarazzi,3,p
277,chrischristie,1,p
278,justinbieber,3,c
279,scottwalker,3,p
280,preetbharara,3,p
281,berniesanders,0,p
282,pitbull,1,c
283,tppatriots,3,p
284,tmz,1,m
285,marvel,1,m
