,User,Partition,Type
0,algore,2,p
1,jlo,0,c
2,ludacris,1,c
3,chrisbrown,0,c
4,channingtatum,0,c
5,thehill,1,m
6,mashable,1,m
7,leodicaprio,2,c
8,ciara,0,c
9,thereval,2,p
10,newsweek,1,m
11,marcorubio,2,p
12,johnkasich,2,p
13,tgowdysc,2,p
14,digg,2,m
15,nikkihaley,1,p
16,freedomworks,1,p
17,sengillibrand,1,p
18,jessicasimpson,1,c
19,kyliejenner,0,c
20,kendricklamar,0,c
21,austinmahone,0,c
22,bobbyjindal,2,p
23,salahitareq,0,p
24,nickiminaj,0,c
25,nytimesworld,1,m
26,billclinton,1,p
27,techcrunch,1,m
28,foxsports,1,m
29,travelleisure,1,m
30,corybooker,2,p
31,kobebryant,1,c
32,nasahqphoto,2,p
33,arianagrande,0,c
34,mileycyrus,0,c
35,tedcruz,2,p
36,sensanders,2,p
37,lindasuhler,2,p
38,carlyfiorina,2,p
39,comedycentral,0,m
40,jcolenc,0,c
41,fastcompany,1,m
42,gabbygiffords,1,p
43,thehermancain,2,p
44,jimcarrey,1,c
45,katyperry,0,c
46,kdtrey5,1,c
47,pbs,0,m
48,reince,2,p
49,vanityfair,1,m
50,aplusk,0,c
51,wsj,1,m
52,joebiden,1,p
53,lagarde,1,p
54,theatlantic,1,m
55,mcfaul,2,p
56,nickelodeontv,0,m
57,madam_president,2,p
58,kevinhart4real,0,c
59,victoriajustice,0,c
60,allenwest,2,p
61,ryanseacrest,0,c
62,speakerryan,2,p
63,charliesheen,0,c
64,parentsmagazine,1,m
65,natgeophotos,1,m
66,jimmykimmel,0,c
67,nytimesarts,1,m
68,people,1,m
69,mariahcarey,0,c
70,ellemagazine,1,m
71,foxnews,1,m
72,kimkardashian,0,c
73,astro_jose,0,p
74,wwd,1,m
75,usher,0,c
76,liltunechi,0,c
77,billboard,1,m
78,gavinnewsom,2,p
79,rollingstone,1,m
80,iamdiddy,0,c
81,cnni,1,m
82,govmikehuckabee,2,p
83,nancypelosi,1,p
84,senatorreid,2,p
85,abc,1,m
86,cbsnews,1,m
87,oprah,0,c
88,natgeotravel,1,m
89,harvardbiz,2,m
90,marketwatch,2,m
91,randpaul,2,p
92,kendalljenner,0,c
93,xtina,0,c
94,ricksantorum,2,p
95,govchristie,0,p
96,stephenathome,1,c
97,ronpaul,2,p
98,nytimesbooks,1,m
99,taylorswift13,0,c
100,sciam,1,m
101,gov,2,m
102,washingtonpost,1,m
103,gop,2,p
104,speakerboehner,2,p
105,discovery,0,m
106,usatoday,1,m
107,billpostmus,2,p
108,hillaryclinton,2,p
109,slate,1,m
110,twitterapi,1,m
111,business,1,m
112,mirandacosgrove,0,c
113,lmfao,0,c
114,nbcnews,1,m
115,univision,0,m
116,elizabethforma,1,p
117,treysongz,0,c
118,eminem,1,c
119,bw,2,m
120,aliciakeys,0,c
121,jerrybrowngov,2,p
122,kelly_clarkson,0,c
123,kasimreed,2,p
124,usweekly,1,m
125,blakeshelton,0,c
126,hbo,0,m
127,zacefron,0,c
128,potus,1,p
129,donnabrazile,2,p
130,senschumer,2,p
131,nprpolitics,1,m
132,stevemartintogo,0,c
133,senwarren,1,p
134,whowhatwear,1,m
135,housedemocrats,2,p
136,ddlovato,0,c
137,kanyewest,0,c
138,theellenshow,1,c
139,actuallynph,0,c
140,johnlegend,0,c
141,realsimple,0,m
142,foramerica,2,p
143,rbreich,1,p
144,marieclaire,1,m
145,therock,0,c
146,dwstweets,2,p
147,repronpaul,2,p
148,mufihannemann,2,p
149,iamqueenlatifah,0,c
150,johncena,0,c
151,entrepreneur,1,m
152,joejonas,0,c
153,nbaontnt,2,m
154,esquirenetwork,0,m
155,tyrabanks,0,c
156,johnkerry,1,p
157,danieltosh,1,c
158,uninoticias,1,m
159,mindykaling,0,c
160,50cent,0,c
161,kourtneykardash,0,c
162,georgehwbush,1,p
163,ew,1,m
164,brunomars,0,c
165,andersoncooper,0,c
166,conanobrien,1,c
167,teamcantor,2,p
168,iggyazalea,0,c
169,sentedcruz,2,p
170,britneyspears,0,c
171,enews,1,m
172,npr,1,m
173,realdonaldtrump,1,p
174,tyga,0,c
175,billdeblasio,1,p
176,gadgetlab,2,m
177,darrellissa,2,p
178,ericcantor,2,p
179,cosmopolitan,1,m
180,khloekardashian,0,c
181,wiredscience,2,m
182,nbatv,1,m
183,dccc,2,p
184,jessicaalba,0,c
185,jebbush,1,p
186,womenshealthmag,1,m
187,karlrove,2,p
188,robertdowneyjr,0,c
189,nbc,0,m
190,johnemichel,2,p
191,governorperry,2,p
192,billgates,0,c
193,sarahpalinusa,2,p
194,joetrippi,2,p
195,pharrell,0,c
196,foodandwine,1,m
197,sarahksilverman,0,c
198,buzzfeed,1,m
199,fortunemagazine,0,m
200,evalongoria,0,c
201,jtimberlake,0,c
202,azizansari,0,c
203,camerondallas,0,c
204,iamwill,0,c
205,younghollywood,0,m
206,maroon5,0,c
207,serenawilliams,0,c
208,newtgingrich,2,p
209,govgaryjohnson,2,p
210,cntraveler,2,m
211,bet,1,m
212,history,0,m
213,senmikelee,2,p
214,ladygaga,0,c
215,cnbc,1,m
216,thedemocrats,2,p
217,politico,1,m
218,govwalker,2,p
219,sethmacfarlane,2,c
220,marcanthony,0,c
221,michelebachmann,2,p
222,tmagazine,1,m
223,businessinsider,1,m
224,thr,1,m
225,travelchannel,0,m
226,ap,1,m
227,shawnmendes,0,c
228,snoopdogg,0,c
229,carmeloanthony,0,c
230,cnnmoney,1,m
231,lukebryanonline,0,c
232,voguemagazine,1,m
233,inc,1,m
234,pink,0,c
235,ashleytisdale,0,c
236,shaq,0,c
237,stephencurry30,1,c
238,repjohnlewis,1,p
239,teenvogue,1,m
240,menshealthmag,1,m
241,alfranken,1,p
242,johnkingated,2,p
243,selenagomez,0,c
244,goodhealth,0,m
245,mittromney,1,p
246,jimdemint,2,p
247,realbencarson,2,p
248,massgovernor,1,p
249,pryan,1,p
250,bigsean,0,c
251,latimes,1,m
252,nytimes,1,m
253,krisjenner,0,c
254,jasoninthehouse,2,p
255,sciencechannel,0,m
256,kingjames,0,c
257,parenting,1,m
258,ambassadorrice,2,p
259,newyorker,1,m
260,wired,1,m
261,wizkhalifa,0,c
262,senjohnmccain,2,p
263,weatherchannel,1,m
264,timkaine,2,p
265,ericgarcetti,2,p
266,barackobama,1,p
267,davidaxelrod,1,p
268,lindsaylohan,0,c
269,condoleezzarice,2,p
270,wendydavis,2,p
271,nflnetwork,2,m
272,parishilton,0,c
273,nickjonas,0,c
274,life,1,m
275,jimmyfallon,1,c
276,jeffarazzi,2,p
277,chrischristie,2,p
278,justinbieber,0,c
279,scottwalker,2,p
280,preetbharara,2,p
281,berniesanders,2,p
282,pitbull,0,c
283,tppatriots,2,p
284,tmz,1,m
285,marvel,0,m
