,User,Partition,Type
0,algore,1,p
1,jlo,2,c
2,ludacris,2,c
3,chrisbrown,2,c
4,channingtatum,2,c
5,thehill,0,m
6,mashable,0,m
7,leodicaprio,0,c
8,ciara,1,c
9,thereval,1,p
10,newsweek,0,m
11,marcorubio,0,p
12,johnkasich,0,p
13,tgowdysc,0,p
14,digg,1,m
15,nikkihaley,0,p
16,freedomworks,0,p
17,sengillibrand,1,p
18,jessicasimpson,0,c
19,kyliejenner,2,c
20,kendricklamar,2,c
21,austinmahone,2,c
22,bobbyjindal,0,p
23,salahitareq,0,p
24,nickiminaj,2,c
25,nytimesworld,0,m
26,billclinton,1,p
27,techcrunch,0,m
28,foxsports,2,m
29,travelleisure,2,m
30,corybooker,1,p
31,kobebryant,2,c
32,nasahqphoto,0,p
33,arianagrande,2,c
34,mileycyrus,2,c
35,tedcruz,0,p
36,sensanders,0,p
37,lindasuhler,0,p
38,carlyfiorina,0,p
39,comedycentral,2,m
40,jcolenc,2,c
41,fastcompany,2,m
42,gabbygiffords,1,p
43,thehermancain,0,p
44,jimcarrey,0,c
45,katyperry,1,c
46,kdtrey5,0,c
47,pbs,0,m
48,reince,0,p
49,vanityfair,0,m
50,aplusk,0,c
51,wsj,0,m
52,joebiden,0,p
53,lagarde,0,p
54,theatlantic,0,m
55,mcfaul,0,p
56,nickelodeontv,2,m
57,madam_president,1,p
58,kevinhart4real,2,c
59,victoriajustice,2,c
60,allenwest,0,p
61,ryanseacrest,2,c
62,speakerryan,0,p
63,charliesheen,2,c
64,parentsmagazine,0,m
65,natgeophotos,0,m
66,jimmykimmel,2,c
67,nytimesarts,0,m
68,people,2,m
69,mariahcarey,2,c
70,ellemagazine,0,m
71,foxnews,0,m
72,kimkardashian,2,c
73,astro_jose,0,p
74,wwd,0,m
75,usher,2,c
76,liltunechi,0,c
77,billboard,2,m
78,gavinnewsom,1,p
79,rollingstone,0,m
80,iamdiddy,2,c
81,cnni,0,m
82,govmikehuckabee,0,p
83,nancypelosi,0,p
84,senatorreid,0,p
85,abc,0,m
86,cbsnews,0,m
87,oprah,2,c
88,natgeotravel,0,m
89,harvardbiz,0,m
90,marketwatch,0,m
91,randpaul,0,p
92,kendalljenner,2,c
93,xtina,2,c
94,ricksantorum,0,p
95,govchristie,0,p
96,stephenathome,2,c
97,ronpaul,0,p
98,nytimesbooks,0,m
99,taylorswift13,2,c
100,sciam,0,m
101,gov,1,m
102,washingtonpost,0,m
103,gop,0,p
104,speakerboehner,0,p
105,discovery,2,m
106,usatoday,0,m
107,billpostmus,0,p
108,hillaryclinton,0,p
109,slate,0,m
110,twitterapi,0,m
111,business,0,m
112,mirandacosgrove,2,c
113,lmfao,2,c
114,nbcnews,0,m
115,univision,0,m
116,elizabethforma,1,p
117,treysongz,2,c
118,eminem,0,c
119,bw,0,m
120,aliciakeys,2,c
121,jerrybrowngov,0,p
122,kelly_clarkson,2,c
123,kasimreed,1,p
124,usweekly,0,m
125,blakeshelton,2,c
126,hbo,2,m
127,zacefron,2,c
128,potus,0,p
129,donnabrazile,1,p
130,senschumer,0,p
131,nprpolitics,0,m
132,stevemartintogo,0,c
133,senwarren,0,p
134,whowhatwear,0,m
135,housedemocrats,0,p
136,ddlovato,1,c
137,kanyewest,0,c
138,theellenshow,1,c
139,actuallynph,2,c
140,johnlegend,1,c
141,realsimple,2,m
142,foramerica,0,p
143,rbreich,0,p
144,marieclaire,2,m
145,therock,2,c
146,dwstweets,0,p
147,repronpaul,0,p
148,mufihannemann,0,p
149,iamqueenlatifah,2,c
150,johncena,2,c
151,entrepreneur,0,m
152,joejonas,2,c
153,nbaontnt,0,m
154,esquirenetwork,2,m
155,tyrabanks,2,c
156,johnkerry,0,p
157,danieltosh,0,c
158,uninoticias,0,m
159,mindykaling,2,c
160,50cent,2,c
161,kourtneykardash,2,c
162,georgehwbush,0,p
163,ew,2,m
164,brunomars,2,c
165,andersoncooper,2,c
166,conanobrien,0,c
167,teamcantor,0,p
168,iggyazalea,2,c
169,sentedcruz,0,p
170,britneyspears,2,c
171,enews,0,m
172,npr,0,m
173,realdonaldtrump,0,p
174,tyga,2,c
175,billdeblasio,0,p
176,gadgetlab,0,m
177,darrellissa,0,p
178,ericcantor,0,p
179,cosmopolitan,2,m
180,khloekardashian,2,c
181,wiredscience,0,m
182,nbatv,0,m
183,dccc,0,p
184,jessicaalba,2,c
185,jebbush,0,p
186,womenshealthmag,0,m
187,karlrove,0,p
188,robertdowneyjr,2,c
189,nbc,2,m
190,johnemichel,0,p
191,governorperry,0,p
192,billgates,2,c
193,sarahpalinusa,0,p
194,joetrippi,0,p
195,pharrell,2,c
196,foodandwine,0,m
197,sarahksilverman,1,c
198,buzzfeed,2,m
199,fortunemagazine,2,m
200,evalongoria,1,c
201,jtimberlake,2,c
202,azizansari,2,c
203,camerondallas,2,c
204,iamwill,1,c
205,younghollywood,2,m
206,maroon5,2,c
207,serenawilliams,2,c
208,newtgingrich,0,p
209,govgaryjohnson,0,p
210,cntraveler,2,m
211,bet,0,m
212,history,2,m
213,senmikelee,0,p
214,ladygaga,2,c
215,cnbc,0,m
216,thedemocrats,1,p
217,politico,0,m
218,govwalker,0,p
219,sethmacfarlane,1,c
220,marcanthony,1,c
221,michelebachmann,0,p
222,tmagazine,0,m
223,businessinsider,0,m
224,thr,2,m
225,travelchannel,2,m
226,ap,0,m
227,shawnmendes,2,c
228,snoopdogg,2,c
229,carmeloanthony,0,c
230,cnnmoney,0,m
231,lukebryanonline,2,c
232,voguemagazine,0,m
233,inc,0,m
234,pink,1,c
235,ashleytisdale,2,c
236,shaq,0,c
237,stephencurry30,0,c
238,repjohnlewis,0,p
239,teenvogue,1,m
240,menshealthmag,0,m
241,alfranken,0,p
242,johnkingated,0,p
243,selenagomez,2,c
244,goodhealth,2,m
245,mittromney,0,p
246,jimdemint,0,p
247,realbencarson,0,p
248,massgovernor,0,p
249,pryan,0,p
250,bigsean,2,c
251,latimes,0,m
252,nytimes,0,m
253,krisjenner,2,c
254,jasoninthehouse,0,p
255,sciencechannel,2,m
256,kingjames,2,c
257,parenting,0,m
258,ambassadorrice,0,p
259,newyorker,0,m
260,wired,0,m
261,wizkhalifa,2,c
262,senjohnmccain,0,p
263,weatherchannel,0,m
264,timkaine,1,p
265,ericgarcetti,0,p
266,barackobama,0,p
267,davidaxelrod,1,p
268,lindsaylohan,2,c
269,condoleezzarice,0,p
270,wendydavis,1,p
271,nflnetwork,0,m
272,parishilton,2,c
273,nickjonas,2,c
274,life,0,m
275,jimmyfallon,2,c
276,jeffarazzi,0,p
277,chrischristie,0,p
278,justinbieber,2,c
279,scottwalker,0,p
280,preetbharara,0,p
281,berniesanders,1,p
282,pitbull,2,c
283,tppatriots,0,p
284,tmz,0,m
285,marvel,2,m
