,User,Partition,Type
0,algore,1,p
1,ludacris,0,c
2,whowhatwear,3,m
3,billboard,3,m
4,eminem,0,c
5,thehill,2,m
6,mashable,2,m
7,leodicaprio,0,c
8,borisjohnson,2,p
9,ciara,3,c
10,thereval,1,p
11,newsweek,3,m
12,marcorubio,2,p
13,johnkasich,1,p
14,tgowdysc,1,p
15,digg,1,m
16,nikkihaley,2,p
17,freedomworks,2,p
18,sengillibrand,1,p
19,jessicasimpson,0,c
20,kyliejenner,0,c
21,beyonce,0,c
22,kendricklamar,0,c
23,austinmahone,0,c
24,bobbyjindal,1,p
25,pryan,1,p
26,nickiminaj,0,c
27,chrisbrown,0,c
28,billclinton,2,p
29,channingtatum,0,c
30,foxsports,3,m
31,travelleisure,3,m
32,corybooker,1,p
33,kobebryant,0,c
34,nasahqphoto,1,p
35,arianagrande,0,c
36,latimes,2,m
37,sensanders,2,p
38,teamcantor,1,p
39,danieltosh,3,c
40,carlyfiorina,1,p
41,jcolenc,0,c
42,fastcompany,3,m
43,ambassadorrice,1,p
44,gabbygiffords,1,p
45,thehermancain,2,p
46,jimcarrey,1,c
47,katyperry,0,c
48,kdtrey5,0,c
49,pbs,2,m
50,marketwatch,1,m
51,reince,1,p
52,victoriajustice,0,c
53,aplusk,0,c
54,wsj,2,m
55,joebiden,2,p
56,lagarde,3,p
57,theatlantic,2,m
58,louisfarrakhan,3,p
59,nickelodeontv,0,m
60,senatorreid,2,p
61,kevinhart4real,0,c
62,vanityfair,3,m
63,allenwest,2,p
64,discovery,0,m
65,ryanseacrest,0,c
66,speakerryan,2,p
67,charliesheen,0,c
68,parentsmagazine,3,m
69,natgeophotos,3,m
70,jimmykimmel,3,c
71,georgehwbush,2,p
72,people,2,m
73,mariahcarey,0,c
74,ellemagazine,3,m
75,foxnews,2,m
76,kimkardashian,0,c
77,astro_jose,1,p
78,wwd,3,m
79,usher,0,c
80,thenextweb,3,m
81,liltunechi,0,c
82,nbc,0,m
83,gavinnewsom,1,p
84,jlo,0,c
85,iamdiddy,0,c
86,cnni,3,m
87,govmikehuckabee,1,p
88,nancypelosi,1,p
89,espnstatsinfo,2,m
90,abc,2,m
91,cbsnews,2,m
92,oprah,0,c
93,scottwalker,1,p
94,harvardbiz,2,m
95,maroon5,0,c
96,randpaul,1,p
97,kendalljenner,0,c
98,mcfaul,1,p
99,ricksantorum,1,p
100,salahitareq,1,p
101,stephenathome,2,c
102,ronpaul,1,p
103,nytimesbooks,3,m
104,taylorswift13,0,c
105,sciam,3,m
106,gov,1,m
107,parishilton,0,c
108,gop,2,p
109,speakerboehner,2,p
110,younghollywood,3,m
111,usatoday,2,m
112,billpostmus,1,p
113,hillaryclinton,2,p
114,slate,2,m
115,twitterapi,1,m
116,business,2,m
117,mirandacosgrove,0,c
118,lmfao,3,c
119,nbcnews,2,m
120,univision,3,m
121,elizabethforma,1,p
122,treysongz,0,c
123,govchristie,2,p
124,stephencurry30,0,c
125,aliciakeys,0,c
126,jerrybrowngov,1,p
127,kelly_clarkson,0,c
128,kasimreed,1,p
129,usweekly,0,m
130,blakeshelton,0,c
131,hbo,0,m
132,zacefron,0,c
133,tmz,0,m
134,cntraveler,1,m
135,donnabrazile,1,p
136,senschumer,1,p
137,nprpolitics,1,m
138,senwarren,2,p
139,selenagomez,0,c
140,housedemocrats,1,p
141,ddlovato,0,c
142,kanyewest,0,c
143,thr,3,m
144,theellenshow,3,c
145,techcrunch,3,m
146,johnlegend,0,c
147,realsimple,0,m
148,foramerica,1,p
149,rbreich,2,p
150,marieclaire,3,m
151,lifehacker,0,m
152,mileycyrus,0,c
153,repronpaul,2,p
154,mufihannemann,1,p
155,iamqueenlatifah,3,c
156,johncena,0,c
157,entrepreneur,3,m
158,nbaontnt,3,m
159,gameinformer,3,m
160,lindsaylohan,3,c
161,tyrabanks,3,c
162,politico,2,m
163,uninoticias,1,m
164,mindykaling,0,c
165,50cent,0,c
166,kourtneykardash,0,c
167,nytimesarts,2,m
168,dwstweets,1,p
169,brunomars,0,c
170,iggyazalea,0,c
171,conanobrien,3,c
172,gadgetlab,3,m
173,andersoncooper,2,c
174,sentedcruz,1,p
175,britneyspears,0,c
176,enews,3,m
177,bbcbusiness,3,m
178,npr,2,m
179,tyga,0,c
180,realbencarson,1,p
181,billdeblasio,2,p
182,actuallynph,0,c
183,timkaine,2,p
184,washingtonpost,2,m
185,cosmopolitan,3,m
186,khloekardashian,0,c
187,esquirenetwork,1,m
188,wiredscience,1,m
189,nbatv,3,m
190,jessicaalba,0,c
191,jebbush,2,p
192,womenshealthmag,3,m
193,karlrove,1,p
194,condoleezzarice,2,p
195,johnemichel,1,p
196,realdonaldtrump,2,p
197,governorperry,1,p
198,voterocky2016,1,p
199,billgates,1,c
200,sarahpalinusa,1,p
201,joetrippi,1,p
202,ew,3,m
203,foodandwine,0,m
204,sarahksilverman,1,c
205,buzzfeed,2,m
206,fortunemagazine,2,m
207,evalongoria,0,c
208,xtina,0,c
209,azizansari,0,c
210,camerondallas,0,c
211,iamwill,3,c
212,pharrell,0,c
213,bw,3,m
214,serenawilliams,0,c
215,newtgingrich,1,p
216,govgaryjohnson,1,p
217,potus,2,p
218,bet,3,m
219,history,1,m
220,senmikelee,1,p
221,therock,0,c
222,cnbc,2,m
223,thedemocrats,1,p
224,johnkerry,2,p
225,govwalker,2,p
226,darrellissa,1,p
227,sethmacfarlane,1,c
228,marcanthony,3,c
229,michelebachmann,1,p
230,tmagazine,3,m
231,dccc,1,p
232,goodhealth,3,m
233,travelchannel,0,m
234,ap,2,m
235,shawnmendes,0,c
236,snoopdogg,0,c
237,carmeloanthony,0,c
238,cnnmoney,3,m
239,lukebryanonline,0,c
240,rollingstone,2,m
241,sai,3,m
242,tomhanks,0,c
243,pink,0,c
244,ashleytisdale,0,c
245,joejonas,0,c
246,repjohnlewis,2,p
247,teenvogue,3,m
248,menshealthmag,2,m
249,alfranken,1,p
250,voguemagazine,3,m
251,johnkingated,1,p
252,businessinsider,3,m
253,lindasuhler,1,p
254,jtimberlake,0,c
255,mittromney,2,p
256,jimdemint,1,p
257,comedycentral,3,m
258,massgovernor,1,p
259,inc,3,m
260,bigsean,0,c
261,tedcruz,2,p
262,bishopnoeljones,1,p
263,nytimes,2,m
264,krisjenner,0,c
265,jasoninthehouse,1,p
266,sciencechannel,1,m
267,kingjames,0,c
268,espndeportes,3,m
269,madam_president,1,p
270,ladygaga,0,c
271,parenting,3,m
272,nytimesworld,3,m
273,shaq,0,c
274,wired,2,m
275,newyorker,2,m
276,wizkhalifa,0,c
277,senjohnmccain,2,p
278,weatherchannel,2,m
279,tppatriots,1,p
280,ericgarcetti,3,p
281,barackobama,2,p
282,davidaxelrod,1,p
283,robertdowneyjr,0,c
284,ericcantor,1,p
285,wendydavis,1,p
286,nflnetwork,3,m
287,nickjonas,0,c
288,life,3,m
289,jimmyfallon,3,c
290,jeffarazzi,1,p
291,justinbieber,0,c
292,natgeotravel,1,m
293,preetbharara,1,p
294,berniesanders,2,p
295,pitbull,0,c
296,stevemartintogo,0,c
297,chrischristie,1,p
298,marvel,0,m
