,User,Partition,Type
0,algore,2,p
1,ludacris,1,c
2,whowhatwear,1,m
3,billboard,1,m
4,eminem,1,c
5,thehill,0,m
6,mashable,0,m
7,leodicaprio,1,c
8,borisjohnson,0,p
9,ciara,1,c
10,thereval,2,p
11,newsweek,0,m
12,marcorubio,0,p
13,johnkasich,2,p
14,tgowdysc,2,p
15,digg,2,m
16,nikkihaley,0,p
17,freedomworks,0,p
18,sengillibrand,2,p
19,jessicasimpson,1,c
20,kyliejenner,1,c
21,beyonce,1,c
22,kendricklamar,1,c
23,austinmahone,1,c
24,bobbyjindal,2,p
25,pryan,2,p
26,nickiminaj,1,c
27,chrisbrown,1,c
28,billclinton,0,p
29,channingtatum,1,c
30,foxsports,1,m
31,travelleisure,1,m
32,corybooker,2,p
33,kobebryant,1,c
34,nasahqphoto,2,p
35,arianagrande,1,c
36,latimes,0,m
37,sensanders,0,p
38,teamcantor,2,p
39,danieltosh,1,c
40,carlyfiorina,2,p
41,jcolenc,1,c
42,fastcompany,1,m
43,ambassadorrice,2,p
44,gabbygiffords,2,p
45,thehermancain,0,p
46,jimcarrey,2,c
47,katyperry,1,c
48,kdtrey5,1,c
49,pbs,0,m
50,marketwatch,2,m
51,reince,2,p
52,victoriajustice,1,c
53,aplusk,1,c
54,wsj,0,m
55,joebiden,0,p
56,lagarde,2,p
57,theatlantic,0,m
58,louisfarrakhan,1,p
59,nickelodeontv,1,m
60,senatorreid,0,p
61,kevinhart4real,1,c
62,vanityfair,1,m
63,allenwest,0,p
64,discovery,1,m
65,ryanseacrest,1,c
66,speakerryan,0,p
67,charliesheen,1,c
68,parentsmagazine,1,m
69,natgeophotos,2,m
70,jimmykimmel,1,c
71,georgehwbush,0,p
72,people,0,m
73,mariahcarey,1,c
74,ellemagazine,1,m
75,foxnews,0,m
76,kimkardashian,1,c
77,astro_jose,2,p
78,wwd,1,m
79,usher,1,c
80,thenextweb,2,m
81,liltunechi,1,c
82,nbc,1,m
83,gavinnewsom,2,p
84,jlo,1,c
85,iamdiddy,1,c
86,cnni,0,m
87,govmikehuckabee,2,p
88,nancypelosi,2,p
89,espnstatsinfo,1,m
90,abc,0,m
91,cbsnews,0,m
92,oprah,1,c
93,scottwalker,2,p
94,harvardbiz,0,m
95,maroon5,1,c
96,randpaul,2,p
97,kendalljenner,1,c
98,mcfaul,2,p
99,ricksantorum,2,p
100,salahitareq,2,p
101,stephenathome,0,c
102,ronpaul,2,p
103,nytimesbooks,2,m
104,taylorswift13,1,c
105,sciam,0,m
106,gov,2,m
107,parishilton,1,c
108,gop,0,p
109,speakerboehner,0,p
110,younghollywood,1,m
111,usatoday,0,m
112,billpostmus,2,p
113,hillaryclinton,0,p
114,slate,0,m
115,twitterapi,2,m
116,business,0,m
117,mirandacosgrove,1,c
118,lmfao,1,c
119,nbcnews,0,m
120,univision,0,m
121,elizabethforma,2,p
122,treysongz,1,c
123,govchristie,0,p
124,stephencurry30,1,c
125,aliciakeys,1,c
126,jerrybrowngov,2,p
127,kelly_clarkson,1,c
128,kasimreed,2,p
129,usweekly,1,m
130,blakeshelton,1,c
131,hbo,1,m
132,zacefron,1,c
133,tmz,1,m
134,cntraveler,1,m
135,donnabrazile,2,p
136,senschumer,2,p
137,nprpolitics,2,m
138,senwarren,0,p
139,selenagomez,1,c
140,housedemocrats,2,p
141,ddlovato,1,c
142,kanyewest,1,c
143,thr,1,m
144,theellenshow,1,c
145,techcrunch,0,m
146,johnlegend,1,c
147,realsimple,1,m
148,foramerica,2,p
149,rbreich,0,p
150,marieclaire,1,m
151,lifehacker,1,m
152,mileycyrus,1,c
153,repronpaul,2,p
154,mufihannemann,2,p
155,iamqueenlatifah,1,c
156,johncena,1,c
157,entrepreneur,0,m
158,nbaontnt,1,m
159,gameinformer,2,m
160,lindsaylohan,1,c
161,tyrabanks,1,c
162,politico,0,m
163,uninoticias,2,m
164,mindykaling,1,c
165,50cent,1,c
166,kourtneykardash,1,c
167,nytimesarts,0,m
168,dwstweets,2,p
169,brunomars,1,c
170,iggyazalea,1,c
171,conanobrien,1,c
172,gadgetlab,1,m
173,andersoncooper,2,c
174,sentedcruz,2,p
175,britneyspears,1,c
176,enews,1,m
177,bbcbusiness,2,m
178,npr,0,m
179,tyga,1,c
180,realbencarson,2,p
181,billdeblasio,0,p
182,actuallynph,1,c
183,timkaine,0,p
184,washingtonpost,0,m
185,cosmopolitan,1,m
186,khloekardashian,1,c
187,esquirenetwork,2,m
188,wiredscience,2,m
189,nbatv,1,m
190,jessicaalba,1,c
191,jebbush,0,p
192,womenshealthmag,1,m
193,karlrove,2,p
194,condoleezzarice,0,p
195,johnemichel,2,p
196,realdonaldtrump,0,p
197,governorperry,2,p
198,voterocky2016,2,p
199,billgates,2,c
200,sarahpalinusa,2,p
201,joetrippi,2,p
202,ew,1,m
203,foodandwine,1,m
204,sarahksilverman,1,c
205,buzzfeed,0,m
206,fortunemagazine,0,m
207,evalongoria,1,c
208,xtina,1,c
209,azizansari,1,c
210,camerondallas,1,c
211,iamwill,1,c
212,pharrell,1,c
213,bw,2,m
214,serenawilliams,1,c
215,newtgingrich,2,p
216,govgaryjohnson,2,p
217,potus,0,p
218,bet,1,m
219,history,2,m
220,senmikelee,2,p
221,therock,1,c
222,cnbc,0,m
223,thedemocrats,2,p
224,johnkerry,0,p
225,govwalker,0,p
226,darrellissa,2,p
227,sethmacfarlane,1,c
228,marcanthony,2,c
229,michelebachmann,2,p
230,tmagazine,1,m
231,dccc,2,p
232,goodhealth,1,m
233,travelchannel,1,m
234,ap,0,m
235,shawnmendes,1,c
236,snoopdogg,1,c
237,carmeloanthony,1,c
238,cnnmoney,2,m
239,lukebryanonline,1,c
240,rollingstone,0,m
241,sai,2,m
242,tomhanks,0,c
243,pink,1,c
244,ashleytisdale,1,c
245,joejonas,1,c
246,repjohnlewis,0,p
247,teenvogue,1,m
248,menshealthmag,0,m
249,alfranken,2,p
250,voguemagazine,1,m
251,johnkingated,2,p
252,businessinsider,0,m
253,lindasuhler,2,p
254,jtimberlake,1,c
255,mittromney,0,p
256,jimdemint,2,p
257,comedycentral,1,m
258,massgovernor,2,p
259,inc,2,m
260,bigsean,1,c
261,tedcruz,0,p
262,bishopnoeljones,2,p
263,nytimes,0,m
264,krisjenner,1,c
265,jasoninthehouse,2,p
266,sciencechannel,2,m
267,kingjames,1,c
268,espndeportes,1,m
269,madam_president,2,p
270,ladygaga,1,c
271,parenting,1,m
272,nytimesworld,2,m
273,shaq,1,c
274,wired,0,m
275,newyorker,0,m
276,wizkhalifa,1,c
277,senjohnmccain,0,p
278,weatherchannel,0,m
279,tppatriots,2,p
280,ericgarcetti,2,p
281,barackobama,0,p
282,davidaxelrod,2,p
283,robertdowneyjr,1,c
284,ericcantor,2,p
285,wendydavis,2,p
286,nflnetwork,1,m
287,nickjonas,1,c
288,life,2,m
289,jimmyfallon,1,c
290,jeffarazzi,2,p
291,justinbieber,1,c
292,natgeotravel,2,m
293,preetbharara,2,p
294,berniesanders,0,p
295,pitbull,1,c
296,stevemartintogo,1,c
297,chrischristie,2,p
298,marvel,1,m
