,User,Partition,Type
0,algore,2,p
1,ludacris,1,c
2,chrisbrown,1,c
3,channingtatum,1,c
4,thehill,3,m
5,mashable,1,m
6,leodicaprio,2,c
7,ciara,1,c
8,thereval,0,p
9,newsweek,3,m
10,marcorubio,0,p
11,johnkasich,3,p
12,tgowdysc,3,p
13,freedomworks,2,p
14,sengillibrand,2,p
15,jessicasimpson,3,c
16,kyliejenner,1,c
17,beyonce,1,c
18,kendricklamar,1,c
19,austinmahone,1,c
20,bobbyjindal,0,p
21,nickiminaj,1,c
22,billclinton,0,p
23,travelleisure,3,m
24,corybooker,3,p
25,kobebryant,1,c
26,arianagrande,1,c
27,tedcruz,0,p
28,tomhanks,1,c
29,sensanders,0,p
30,teamcantor,3,p
31,lukebryanonline,1,c
32,lindasuhler,0,p
33,govwalker,3,p
34,jcolenc,1,c
35,gabbygiffords,3,p
36,thehermancain,3,p
37,gov,2,m
38,katyperry,1,c
39,kdtrey5,1,c
40,govchristie,1,p
41,reince,0,p
42,victoriajustice,3,c
43,aplusk,1,c
44,wsj,3,m
45,joebiden,0,p
46,nickelodeontv,1,m
47,senatorreid,2,p
48,kevinhart4real,1,c
49,vanityfair,1,m
50,allenwest,3,p
51,ryanseacrest,1,c
52,speakerryan,3,p
53,charliesheen,1,c
54,natgeophotos,3,m
55,lindsaylohan,1,c
56,people,1,m
57,mariahcarey,1,c
58,ellemagazine,1,m
59,foxnews,3,m
60,kimkardashian,1,c
61,astro_jose,3,p
62,wwd,3,m
63,usher,1,c
64,liltunechi,3,c
65,billboard,1,m
66,gavinnewsom,3,p
67,jlo,1,c
68,iamdiddy,1,c
69,govmikehuckabee,0,p
70,nancypelosi,2,p
71,abc,3,m
72,cbsnews,3,m
73,oprah,1,c
74,scottwalker,0,p
75,tmz,1,m
76,randpaul,2,p
77,kendalljenner,1,c
78,ricksantorum,0,p
79,stephenathome,1,c
80,ronpaul,3,p
81,xtina,1,c
82,repjohnlewis,3,p
83,taylorswift13,1,c
84,jimcarrey,2,c
85,parishilton,1,c
86,gop,0,p
87,speakerboehner,2,p
88,usatoday,1,m
89,hillaryclinton,0,p
90,slate,2,m
91,business,3,m
92,uninoticias,3,m
93,lmfao,1,c
94,nbcnews,3,m
95,univision,1,m
96,elizabethforma,0,p
97,treysongz,1,c
98,stephencurry30,1,c
99,aliciakeys,1,c
100,jerrybrowngov,3,p
101,kelly_clarkson,1,c
102,kasimreed,3,p
103,blakeshelton,1,c
104,hbo,3,m
105,zacefron,1,c
106,potus,3,p
107,donnabrazile,0,p
108,senschumer,2,p
109,stevemartintogo,3,c
110,senwarren,3,p
111,selenagomez,1,c
112,housedemocrats,3,p
113,ddlovato,1,c
114,kanyewest,1,c
115,thr,1,m
116,theellenshow,1,c
117,johnlegend,1,c
118,foramerica,0,p
119,rbreich,3,p
120,marieclaire,1,m
121,mileycyrus,1,c
122,mufihannemann,2,p
123,iamqueenlatifah,1,c
124,johncena,1,c
125,nbaontnt,1,m
126,jimmykimmel,1,c
127,tyrabanks,1,c
128,politico,1,m
129,mirandacosgrove,1,c
130,mindykaling,1,c
131,50cent,1,c
132,kourtneykardash,1,c
133,dwstweets,0,p
134,brunomars,1,c
135,andersoncooper,3,c
136,conanobrien,3,c
137,gadgetlab,3,m
138,iggyazalea,1,c
139,sentedcruz,3,p
140,britneyspears,1,c
141,enews,1,m
142,npr,0,m
143,realdonaldtrump,0,p
144,jtimberlake,1,c
145,actuallynph,1,c
146,darrellissa,3,p
147,washingtonpost,3,m
148,cosmopolitan,1,m
149,khloekardashian,1,c
150,wiredscience,3,m
151,nbatv,1,m
152,dccc,3,p
153,jessicaalba,1,c
154,jebbush,0,p
155,womenshealthmag,1,m
156,karlrove,3,p
157,robertdowneyjr,1,c
158,digg,3,m
159,governorperry,3,p
160,voterocky2016,3,p
161,billgates,1,c
162,sarahpalinusa,0,p
163,whowhatwear,1,m
164,joetrippi,3,p
165,pharrell,1,c
166,ap,3,m
167,sarahksilverman,1,c
168,buzzfeed,1,m
169,fortunemagazine,3,m
170,evalongoria,1,c
171,tyga,1,c
172,azizansari,1,c
173,snoopdogg,1,c
174,iamwill,1,c
175,younghollywood,1,m
176,bw,3,m
177,serenawilliams,1,c
178,newtgingrich,3,p
179,govgaryjohnson,3,p
180,realbencarson,0,p
181,bet,1,m
182,senmikelee,3,p
183,therock,1,c
184,cnbc,3,m
185,thedemocrats,3,p
186,johnkerry,3,p
187,sethmacfarlane,0,c
188,michelebachmann,2,p
189,ericcantor,3,p
190,goodhealth,1,m
191,nbc,1,m
192,shawnmendes,1,c
193,camerondallas,1,c
194,carmeloanthony,1,c
195,cnnmoney,3,m
196,nikkihaley,0,p
197,natgeotravel,3,m
198,rollingstone,1,m
199,pryan,3,p
200,pink,1,c
201,ashleytisdale,1,c
202,joejonas,1,c
203,marcanthony,1,c
204,teenvogue,1,m
205,alfranken,2,p
206,voguemagazine,1,m
207,johnkingated,3,p
208,businessinsider,1,m
209,mittromney,0,p
210,jimdemint,2,p
211,comedycentral,1,m
212,bigsean,1,c
213,latimes,3,m
214,nytimes,3,m
215,krisjenner,1,c
216,jasoninthehouse,3,p
217,kingjames,1,c
218,ladygaga,1,c
219,parenting,1,m
220,ambassadorrice,3,p
221,shaq,1,c
222,wired,3,m
223,newyorker,3,m
224,wizkhalifa,1,c
225,senjohnmccain,2,p
226,timkaine,3,p
227,ericgarcetti,3,p
228,barackobama,2,p
229,davidaxelrod,0,p
230,condoleezzarice,3,p
231,wendydavis,0,p
232,nickjonas,1,c
233,jimmyfallon,1,c
234,justinbieber,1,c
235,sciencechannel,3,m
236,carlyfiorina,0,p
237,berniesanders,0,p
238,pitbull,1,c
239,tppatriots,3,p
240,marvel,3,m
241,chrischristie,0,p
242,ew,1,m
