,User,Partition,Type
0,algore,2,p
1,ludacris,0,c
2,chrisbrown,0,c
3,channingtatum,1,c
4,thehill,0,m
5,mashable,1,m
6,leodicaprio,2,c
7,ciara,1,c
8,thereval,3,p
9,newsweek,0,m
10,marcorubio,3,p
11,johnkasich,0,p
12,tgowdysc,0,p
13,freedomworks,0,p
14,sengillibrand,2,p
15,jessicasimpson,0,c
16,kyliejenner,1,c
17,beyonce,1,c
18,kendricklamar,1,c
19,austinmahone,1,c
20,bobbyjindal,3,p
21,nickiminaj,1,c
22,billclinton,1,p
23,travelleisure,0,m
24,corybooker,0,p
25,kobebryant,1,c
26,arianagrande,1,c
27,tedcruz,3,p
28,tomhanks,1,c
29,sensanders,2,p
30,teamcantor,3,p
31,lukebryanonline,3,c
32,lindasuhler,0,p
33,govwalker,1,p
34,jcolenc,0,c
35,gabbygiffords,2,p
36,thehermancain,1,p
37,gov,0,m
38,katyperry,0,c
39,kdtrey5,3,c
40,govchristie,0,p
41,reince,1,p
42,victoriajustice,0,c
43,aplusk,3,c
44,wsj,3,m
45,joebiden,0,p
46,nickelodeontv,2,m
47,senatorreid,1,p
48,kevinhart4real,1,c
49,vanityfair,0,m
50,allenwest,1,p
51,ryanseacrest,0,c
52,speakerryan,1,p
53,charliesheen,2,c
54,natgeophotos,0,m
55,lindsaylohan,1,c
56,people,1,m
57,mariahcarey,1,c
58,ellemagazine,0,m
59,foxnews,0,m
60,kimkardashian,1,c
61,astro_jose,0,p
62,wwd,0,m
63,usher,1,c
64,liltunechi,0,c
65,billboard,1,m
66,gavinnewsom,3,p
67,jlo,1,c
68,iamdiddy,1,c
69,govmikehuckabee,0,p
70,nancypelosi,3,p
71,abc,2,m
72,cbsnews,0,m
73,oprah,3,c
74,scottwalker,1,p
75,tmz,3,m
76,randpaul,0,p
77,kendalljenner,1,c
78,ricksantorum,1,p
79,stephenathome,3,c
80,ronpaul,1,p
81,xtina,0,c
82,repjohnlewis,1,p
83,taylorswift13,1,c
84,jimcarrey,2,c
85,parishilton,1,c
86,gop,3,p
87,speakerboehner,2,p
88,usatoday,0,m
89,hillaryclinton,1,p
90,slate,3,m
91,business,1,m
92,uninoticias,0,m
93,lmfao,1,c
94,nbcnews,3,m
95,univision,0,m
96,elizabethforma,1,p
97,treysongz,3,c
98,stephencurry30,1,c
99,aliciakeys,1,c
100,jerrybrowngov,1,p
101,kelly_clarkson,0,c
102,kasimreed,0,p
103,blakeshelton,3,c
104,hbo,1,m
105,zacefron,0,c
106,potus,1,p
107,donnabrazile,3,p
108,senschumer,3,p
109,stevemartintogo,2,c
110,senwarren,0,p
111,selenagomez,1,c
112,housedemocrats,0,p
113,ddlovato,1,c
114,kanyewest,1,c
115,thr,1,m
116,theellenshow,1,c
117,johnlegend,3,c
118,foramerica,0,p
119,rbreich,1,p
120,marieclaire,1,m
121,mileycyrus,1,c
122,mufihannemann,1,p
123,iamqueenlatifah,2,c
124,johncena,1,c
125,nbaontnt,0,m
126,jimmykimmel,0,c
127,tyrabanks,1,c
128,politico,1,m
129,mirandacosgrove,2,c
130,mindykaling,0,c
131,50cent,1,c
132,kourtneykardash,1,c
133,dwstweets,1,p
134,brunomars,3,c
135,andersoncooper,1,c
136,conanobrien,1,c
137,gadgetlab,3,m
138,iggyazalea,3,c
139,sentedcruz,0,p
140,britneyspears,0,c
141,enews,1,m
142,npr,1,m
143,realdonaldtrump,3,p
144,jtimberlake,1,c
145,actuallynph,0,c
146,darrellissa,0,p
147,washingtonpost,3,m
148,cosmopolitan,1,m
149,khloekardashian,2,c
150,wiredscience,0,m
151,nbatv,0,m
152,dccc,1,p
153,jessicaalba,3,c
154,jebbush,0,p
155,womenshealthmag,0,m
156,karlrove,3,p
157,robertdowneyjr,0,c
158,digg,3,m
159,governorperry,3,p
160,voterocky2016,0,p
161,billgates,1,c
162,sarahpalinusa,3,p
163,whowhatwear,0,m
164,joetrippi,1,p
165,pharrell,1,c
166,ap,1,m
167,sarahksilverman,0,c
168,buzzfeed,1,m
169,fortunemagazine,0,m
170,evalongoria,1,c
171,tyga,1,c
172,azizansari,1,c
173,snoopdogg,0,c
174,iamwill,1,c
175,younghollywood,0,m
176,bw,0,m
177,serenawilliams,0,c
178,newtgingrich,0,p
179,govgaryjohnson,2,p
180,realbencarson,1,p
181,bet,0,m
182,senmikelee,3,p
183,therock,0,c
184,cnbc,3,m
185,thedemocrats,0,p
186,johnkerry,2,p
187,sethmacfarlane,0,c
188,michelebachmann,0,p
189,ericcantor,0,p
190,goodhealth,0,m
191,nbc,1,m
192,shawnmendes,1,c
193,camerondallas,1,c
194,carmeloanthony,0,c
195,cnnmoney,1,m
196,nikkihaley,1,p
197,natgeotravel,0,m
198,rollingstone,1,m
199,pryan,1,p
200,pink,1,c
201,ashleytisdale,1,c
202,joejonas,1,c
203,marcanthony,2,c
204,teenvogue,1,m
205,alfranken,0,p
206,voguemagazine,1,m
207,johnkingated,3,p
208,businessinsider,2,m
209,mittromney,1,p
210,jimdemint,1,p
211,comedycentral,2,m
212,bigsean,3,c
213,latimes,2,m
214,nytimes,0,m
215,krisjenner,0,c
216,jasoninthehouse,1,p
217,kingjames,1,c
218,ladygaga,3,c
219,parenting,0,m
220,ambassadorrice,0,p
221,shaq,0,c
222,wired,0,m
223,newyorker,1,m
224,wizkhalifa,2,c
225,senjohnmccain,0,p
226,timkaine,3,p
227,ericgarcetti,0,p
228,barackobama,0,p
229,davidaxelrod,3,p
230,condoleezzarice,1,p
231,wendydavis,3,p
232,nickjonas,1,c
233,jimmyfallon,1,c
234,justinbieber,3,c
235,sciencechannel,2,m
236,carlyfiorina,0,p
237,berniesanders,3,p
238,pitbull,1,c
239,tppatriots,1,p
240,marvel,0,m
241,chrischristie,0,p
242,ew,0,m
