,User,Partition,Type
0,algore,2,p
1,jlo,2,c
2,ludacris,1,c
3,chrisbrown,1,c
4,channingtatum,2,c
5,thehill,2,m
6,mashable,1,m
7,leodicaprio,2,c
8,borisjohnson,2,p
9,ciara,1,c
10,thereval,2,p
11,newsweek,2,m
12,marcorubio,2,p
13,johnkasich,0,p
14,tgowdysc,0,p
15,johnemichel,2,p
16,freedomworks,2,p
17,sengillibrand,2,p
18,jessicasimpson,2,c
19,kyliejenner,1,c
20,kendricklamar,2,c
21,austinmahone,1,c
22,bobbyjindal,0,p
23,salahitareq,1,p
24,nickiminaj,2,c
25,nytimesworld,2,m
26,billclinton,2,p
27,techcrunch,2,m
28,foxsports,2,m
29,travelleisure,2,m
30,corybooker,2,p
31,kobebryant,2,c
32,nasahqphoto,2,p
33,arianagrande,1,c
34,tedcruz,0,p
35,sensanders,2,p
36,lukebryanonline,2,c
37,lindasuhler,0,p
38,carlyfiorina,0,p
39,comedycentral,2,m
40,jcolenc,2,c
41,fastcompany,2,m
42,kdtrey5,2,c
43,gabbygiffords,0,p
44,thehermancain,2,p
45,jimcarrey,1,c
46,katyperry,2,c
47,pharrell,2,c
48,pbs,2,m
49,marketwatch,1,m
50,reince,2,p
51,vanityfair,2,m
52,aplusk,2,c
53,wsj,2,m
54,joebiden,2,p
55,lagarde,2,p
56,nikkihaley,1,p
57,mcfaul,2,p
58,nickelodeontv,1,m
59,senatorreid,1,p
60,kevinhart4real,1,c
61,victoriajustice,0,c
62,ryanseacrest,2,c
63,speakerryan,2,p
64,charliesheen,2,c
65,parentsmagazine,1,m
66,natgeophotos,2,m
67,jimmykimmel,1,c
68,nytimesarts,1,m
69,people,2,m
70,mariahcarey,2,c
71,ellemagazine,1,m
72,foxnews,2,m
73,kimkardashian,1,c
74,astro_jose,1,p
75,wwd,2,m
76,usher,2,c
77,thenextweb,1,m
78,liltunechi,2,c
79,billboard,1,m
80,gavinnewsom,1,p
81,rollingstone,2,m
82,iamdiddy,0,c
83,cnni,2,m
84,govmikehuckabee,2,p
85,nancypelosi,2,p
86,espnstatsinfo,2,m
87,abc,1,m
88,cbsnews,2,m
89,oprah,2,c
90,natgeotravel,2,m
91,harvardbiz,2,m
92,tmz,2,m
93,randpaul,0,p
94,kendalljenner,2,c
95,xtina,1,c
96,ricksantorum,2,p
97,govchristie,2,p
98,stephenathome,1,c
99,ronpaul,2,p
100,nytimesbooks,1,m
101,taylorswift13,2,c
102,sciam,2,m
103,gov,2,m
104,parishilton,0,c
105,gop,1,p
106,speakerboehner,2,p
107,discovery,0,m
108,usatoday,2,m
109,billpostmus,2,p
110,hillaryclinton,2,p
111,slate,2,m
112,twitterapi,2,m
113,business,2,m
114,mirandacosgrove,2,c
115,lmfao,2,c
116,nbcnews,1,m
117,univision,2,m
118,elizabethforma,2,p
119,treysongz,2,c
120,eminem,1,c
121,bw,2,m
122,aliciakeys,1,c
123,jerrybrowngov,2,p
124,kelly_clarkson,1,c
125,kasimreed,1,p
126,usweekly,1,m
127,blakeshelton,1,c
128,hbo,1,m
129,zacefron,2,c
130,potus,2,p
131,donnabrazile,2,p
132,senschumer,2,p
133,nprpolitics,2,m
134,stevemartintogo,2,c
135,senwarren,2,p
136,whowhatwear,1,m
137,housedemocrats,1,p
138,ddlovato,2,c
139,kanyewest,1,c
140,theellenshow,2,c
141,actuallynph,1,c
142,johnlegend,2,c
143,realsimple,0,m
144,foramerica,2,p
145,rbreich,2,p
146,marieclaire,1,m
147,therock,1,c
148,mileycyrus,1,c
149,repronpaul,2,p
150,mufihannemann,2,p
151,iamqueenlatifah,1,c
152,johncena,2,c
153,entrepreneur,2,m
154,joejonas,2,c
155,nbaontnt,2,m
156,esquirenetwork,1,m
157,carmeloanthony,2,c
158,tyrabanks,2,c
159,johnkerry,1,p
160,danieltosh,1,c
161,uninoticias,2,m
162,mindykaling,2,c
163,50cent,2,c
164,kourtneykardash,1,c
165,georgehwbush,1,p
166,dwstweets,2,p
167,brunomars,2,c
168,andersoncooper,2,c
169,conanobrien,2,c
170,teamcantor,0,p
171,iggyazalea,1,c
172,sentedcruz,1,p
173,britneyspears,2,c
174,enews,2,m
175,npr,1,m
176,realdonaldtrump,0,p
177,tyga,2,c
178,gadgetlab,0,m
179,darrellissa,2,p
180,ericcantor,2,p
181,cosmopolitan,2,m
182,khloekardashian,2,c
183,wiredscience,2,m
184,nbatv,1,m
185,dccc,2,p
186,jessicaalba,2,c
187,jebbush,0,p
188,businessinsider,1,m
189,womenshealthmag,0,m
190,karlrove,0,p
191,condoleezzarice,2,p
192,nbc,2,m
193,digg,1,m
194,governorperry,2,p
195,billgates,2,c
196,sarahpalinusa,1,p
197,joetrippi,1,p
198,ew,1,m
199,foodandwine,1,m
200,sarahksilverman,1,c
201,buzzfeed,1,m
202,fortunemagazine,1,m
203,evalongoria,2,c
204,jtimberlake,1,c
205,azizansari,2,c
206,camerondallas,0,c
207,iamwill,0,c
208,younghollywood,2,m
209,serenawilliams,1,c
210,newtgingrich,1,p
211,govgaryjohnson,2,p
212,cntraveler,2,m
213,bet,2,m
214,history,2,m
215,senmikelee,2,p
216,ladygaga,2,c
217,cnbc,0,m
218,thedemocrats,2,p
219,politico,2,m
220,govwalker,2,p
221,sethmacfarlane,2,c
222,marcanthony,1,c
223,michelebachmann,1,p
224,washingtonpost,2,m
225,thr,2,m
226,travelchannel,2,m
227,ap,1,m
228,shawnmendes,1,c
229,snoopdogg,2,c
230,latimes,2,m
231,tmagazine,1,m
232,cnnmoney,1,m
233,voguemagazine,1,m
234,sai,2,m
235,inc,1,m
236,pink,2,c
237,ashleytisdale,2,c
238,shaq,2,c
239,stephencurry30,1,c
240,repjohnlewis,2,p
241,teenvogue,2,m
242,menshealthmag,1,m
243,alfranken,2,p
244,johnkingated,2,p
245,selenagomez,1,c
246,goodhealth,2,m
247,mittromney,2,p
248,jimdemint,1,p
249,realbencarson,2,p
250,massgovernor,2,p
251,pryan,1,p
252,bigsean,2,c
253,theatlantic,0,m
254,nytimes,0,m
255,krisjenner,2,c
256,jasoninthehouse,1,p
257,sciencechannel,2,m
258,kingjames,2,c
259,espndeportes,1,m
260,madam_president,2,p
261,parenting,2,m
262,ambassadorrice,0,p
263,newyorker,2,m
264,wired,2,m
265,wizkhalifa,1,c
266,senjohnmccain,0,p
267,weatherchannel,2,m
268,timkaine,2,p
269,ericgarcetti,2,p
270,barackobama,2,p
271,davidaxelrod,2,p
272,lindsaylohan,2,c
273,robertdowneyjr,2,c
274,wendydavis,2,p
275,nflnetwork,1,m
276,nickjonas,2,c
277,life,1,m
278,jimmyfallon,2,c
279,jeffarazzi,0,p
280,chrischristie,2,p
281,justinbieber,1,c
282,scottwalker,2,p
283,preetbharara,2,p
284,berniesanders,1,p
285,pitbull,2,c
286,tppatriots,1,p
287,maroon5,2,c
288,marvel,1,m
