,User,Partition,Type
0,algore,0,p
1,jlo,1,c
2,ludacris,1,c
3,chrisbrown,1,c
4,channingtatum,2,c
5,thehill,2,m
6,mashable,3,m
7,leodicaprio,0,c
8,borisjohnson,3,p
9,ciara,1,c
10,thereval,3,p
11,newsweek,0,m
12,marcorubio,0,p
13,johnkasich,2,p
14,tgowdysc,2,p
15,johnemichel,2,p
16,freedomworks,3,p
17,sengillibrand,0,p
18,jessicasimpson,3,c
19,kyliejenner,1,c
20,kendricklamar,3,c
21,austinmahone,1,c
22,bobbyjindal,2,p
23,salahitareq,1,p
24,nickiminaj,0,c
25,nytimesworld,0,m
26,billclinton,3,p
27,techcrunch,0,m
28,foxsports,3,m
29,travelleisure,0,m
30,corybooker,1,p
31,kobebryant,0,c
32,nasahqphoto,3,p
33,arianagrande,1,c
34,tedcruz,2,p
35,sensanders,0,p
36,lukebryanonline,3,c
37,lindasuhler,2,p
38,carlyfiorina,2,p
39,comedycentral,3,m
40,jcolenc,3,c
41,fastcompany,3,m
42,kdtrey5,1,c
43,gabbygiffords,2,p
44,thehermancain,2,p
45,jimcarrey,1,c
46,katyperry,3,c
47,pharrell,3,c
48,pbs,2,m
49,marketwatch,3,m
50,reince,3,p
51,vanityfair,2,m
52,aplusk,0,c
53,wsj,3,m
54,joebiden,0,p
55,lagarde,2,p
56,nikkihaley,1,p
57,mcfaul,0,p
58,nickelodeontv,1,m
59,senatorreid,1,p
60,kevinhart4real,1,c
61,victoriajustice,2,c
62,ryanseacrest,3,c
63,speakerryan,3,p
64,charliesheen,3,c
65,parentsmagazine,1,m
66,natgeophotos,3,m
67,jimmykimmel,1,c
68,nytimesarts,1,m
69,people,1,m
70,mariahcarey,2,c
71,ellemagazine,1,m
72,foxnews,3,m
73,kimkardashian,1,c
74,astro_jose,1,p
75,wwd,3,m
76,usher,3,c
77,thenextweb,1,m
78,liltunechi,0,c
79,billboard,1,m
80,gavinnewsom,1,p
81,rollingstone,3,m
82,iamdiddy,2,c
83,cnni,0,m
84,govmikehuckabee,0,p
85,nancypelosi,0,p
86,espnstatsinfo,0,m
87,abc,1,m
88,cbsnews,3,m
89,oprah,3,c
90,natgeotravel,3,m
91,harvardbiz,1,m
92,tmz,1,m
93,randpaul,2,p
94,kendalljenner,3,c
95,xtina,3,c
96,ricksantorum,3,p
97,govchristie,0,p
98,stephenathome,1,c
99,ronpaul,3,p
100,nytimesbooks,1,m
101,taylorswift13,3,c
102,sciam,1,m
103,gov,2,m
104,parishilton,2,c
105,gop,3,p
106,speakerboehner,0,p
107,discovery,2,m
108,usatoday,0,m
109,billpostmus,3,p
110,hillaryclinton,0,p
111,slate,3,m
112,twitterapi,3,m
113,business,3,m
114,mirandacosgrove,3,c
115,lmfao,0,c
116,nbcnews,1,m
117,univision,3,m
118,elizabethforma,2,p
119,treysongz,3,c
120,eminem,1,c
121,bw,0,m
122,aliciakeys,1,c
123,jerrybrowngov,0,p
124,kelly_clarkson,1,c
125,kasimreed,1,p
126,usweekly,1,m
127,blakeshelton,1,c
128,hbo,1,m
129,zacefron,3,c
130,potus,0,p
131,donnabrazile,0,p
132,senschumer,0,p
133,nprpolitics,0,m
134,stevemartintogo,3,c
135,senwarren,0,p
136,whowhatwear,1,m
137,housedemocrats,1,p
138,ddlovato,3,c
139,kanyewest,1,c
140,theellenshow,3,c
141,actuallynph,0,c
142,johnlegend,3,c
143,realsimple,2,m
144,foramerica,0,p
145,rbreich,3,p
146,marieclaire,1,m
147,therock,1,c
148,mileycyrus,1,c
149,repronpaul,3,p
150,mufihannemann,3,p
151,iamqueenlatifah,1,c
152,johncena,0,c
153,entrepreneur,3,m
154,joejonas,3,c
155,nbaontnt,1,m
156,esquirenetwork,1,m
157,carmeloanthony,0,c
158,tyrabanks,1,c
159,johnkerry,1,p
160,danieltosh,1,c
161,uninoticias,1,m
162,mindykaling,1,c
163,50cent,3,c
164,kourtneykardash,1,c
165,georgehwbush,1,p
166,dwstweets,0,p
167,brunomars,3,c
168,andersoncooper,2,c
169,conanobrien,3,c
170,teamcantor,2,p
171,iggyazalea,1,c
172,sentedcruz,1,p
173,britneyspears,3,c
174,enews,2,m
175,npr,1,m
176,realdonaldtrump,2,p
177,tyga,3,c
178,gadgetlab,2,m
179,darrellissa,2,p
180,ericcantor,1,p
181,cosmopolitan,1,m
182,khloekardashian,3,c
183,wiredscience,3,m
184,nbatv,1,m
185,dccc,2,p
186,jessicaalba,3,c
187,jebbush,2,p
188,businessinsider,1,m
189,womenshealthmag,3,m
190,karlrove,2,p
191,condoleezzarice,3,p
192,nbc,2,m
193,digg,1,m
194,governorperry,3,p
195,billgates,0,c
196,sarahpalinusa,1,p
197,joetrippi,1,p
198,ew,3,m
199,foodandwine,1,m
200,sarahksilverman,1,c
201,buzzfeed,1,m
202,fortunemagazine,1,m
203,evalongoria,1,c
204,jtimberlake,1,c
205,azizansari,3,c
206,camerondallas,2,c
207,iamwill,2,c
208,younghollywood,0,m
209,serenawilliams,1,c
210,newtgingrich,3,p
211,govgaryjohnson,2,p
212,cntraveler,3,m
213,bet,2,m
214,history,0,m
215,senmikelee,3,p
216,ladygaga,3,c
217,cnbc,2,m
218,thedemocrats,3,p
219,politico,0,m
220,govwalker,3,p
221,sethmacfarlane,3,c
222,marcanthony,1,c
223,michelebachmann,1,p
224,washingtonpost,3,m
225,thr,3,m
226,travelchannel,3,m
227,ap,1,m
228,shawnmendes,1,c
229,snoopdogg,3,c
230,latimes,3,m
231,tmagazine,3,m
232,cnnmoney,1,m
233,voguemagazine,1,m
234,sai,0,m
235,inc,3,m
236,pink,1,c
237,ashleytisdale,3,c
238,shaq,3,c
239,stephencurry30,1,c
240,repjohnlewis,3,p
241,teenvogue,3,m
242,menshealthmag,1,m
243,alfranken,2,p
244,johnkingated,2,p
245,selenagomez,1,c
246,goodhealth,3,m
247,mittromney,2,p
248,jimdemint,1,p
249,realbencarson,0,p
250,massgovernor,3,p
251,pryan,1,p
252,bigsean,0,c
253,theatlantic,2,m
254,nytimes,2,m
255,krisjenner,3,c
256,jasoninthehouse,1,p
257,sciencechannel,3,m
258,kingjames,0,c
259,espndeportes,1,m
260,madam_president,3,p
261,parenting,0,m
262,ambassadorrice,2,p
263,newyorker,3,m
264,wired,0,m
265,wizkhalifa,1,c
266,senjohnmccain,2,p
267,weatherchannel,3,m
268,timkaine,0,p
269,ericgarcetti,3,p
270,barackobama,0,p
271,davidaxelrod,0,p
272,lindsaylohan,3,c
273,robertdowneyjr,0,c
274,wendydavis,0,p
275,nflnetwork,1,m
276,nickjonas,0,c
277,life,1,m
278,jimmyfallon,3,c
279,jeffarazzi,2,p
280,chrischristie,2,p
281,justinbieber,1,c
282,scottwalker,3,p
283,preetbharara,0,p
284,berniesanders,1,p
285,pitbull,3,c
286,tppatriots,1,p
287,maroon5,3,c
288,marvel,1,m
