,User,Partition,Type
0,algore,1,p
1,jlo,2,c
2,ludacris,2,c
3,chrisbrown,2,c
4,channingtatum,0,c
5,thehill,0,m
6,mashable,2,m
7,leodicaprio,1,c
8,borisjohnson,1,p
9,ciara,2,c
10,thereval,1,p
11,newsweek,0,m
12,marcorubio,0,p
13,johnkasich,0,p
14,tgowdysc,0,p
15,johnemichel,0,p
16,freedomworks,1,p
17,sengillibrand,0,p
18,jessicasimpson,1,c
19,kyliejenner,2,c
20,kendricklamar,1,c
21,austinmahone,2,c
22,bobbyjindal,0,p
23,salahitareq,2,p
24,nickiminaj,0,c
25,nytimesworld,0,m
26,billclinton,1,p
27,techcrunch,1,m
28,foxsports,1,m
29,travelleisure,0,m
30,corybooker,2,p
31,kobebryant,0,c
32,nasahqphoto,1,p
33,arianagrande,2,c
34,tedcruz,0,p
35,sensanders,0,p
36,lukebryanonline,1,c
37,lindasuhler,0,p
38,carlyfiorina,0,p
39,comedycentral,1,m
40,jcolenc,1,c
41,fastcompany,1,m
42,kdtrey5,2,c
43,gabbygiffords,0,p
44,thehermancain,0,p
45,jimcarrey,2,c
46,katyperry,1,c
47,pharrell,1,c
48,pbs,0,m
49,marketwatch,1,m
50,reince,1,p
51,vanityfair,0,m
52,aplusk,1,c
53,wsj,1,m
54,joebiden,1,p
55,lagarde,0,p
56,nikkihaley,2,p
57,mcfaul,0,p
58,nickelodeontv,2,m
59,senatorreid,2,p
60,kevinhart4real,2,c
61,victoriajustice,0,c
62,ryanseacrest,1,c
63,speakerryan,1,p
64,charliesheen,1,c
65,parentsmagazine,2,m
66,natgeophotos,1,m
67,jimmykimmel,2,c
68,nytimesarts,2,m
69,people,2,m
70,mariahcarey,0,c
71,ellemagazine,2,m
72,foxnews,1,m
73,kimkardashian,2,c
74,astro_jose,2,p
75,wwd,1,m
76,usher,1,c
77,thenextweb,2,m
78,liltunechi,0,c
79,billboard,2,m
80,gavinnewsom,2,p
81,rollingstone,1,m
82,iamdiddy,0,c
83,cnni,0,m
84,govmikehuckabee,1,p
85,nancypelosi,0,p
86,espnstatsinfo,0,m
87,abc,2,m
88,cbsnews,1,m
89,oprah,1,c
90,natgeotravel,1,m
91,harvardbiz,2,m
92,tmz,2,m
93,randpaul,0,p
94,kendalljenner,1,c
95,xtina,1,c
96,ricksantorum,1,p
97,govchristie,0,p
98,stephenathome,2,c
99,ronpaul,1,p
100,nytimesbooks,2,m
101,taylorswift13,1,c
102,sciam,2,m
103,gov,0,m
104,parishilton,0,c
105,gop,1,p
106,speakerboehner,0,p
107,discovery,0,m
108,usatoday,0,m
109,billpostmus,1,p
110,hillaryclinton,0,p
111,slate,1,m
112,twitterapi,1,m
113,business,0,m
114,mirandacosgrove,1,c
115,lmfao,0,c
116,nbcnews,2,m
117,univision,1,m
118,elizabethforma,0,p
119,treysongz,1,c
120,eminem,2,c
121,bw,1,m
122,aliciakeys,2,c
123,jerrybrowngov,1,p
124,kelly_clarkson,2,c
125,kasimreed,2,p
126,usweekly,2,m
127,blakeshelton,2,c
128,hbo,2,m
129,zacefron,1,c
130,potus,0,p
131,donnabrazile,0,p
132,senschumer,0,p
133,nprpolitics,0,m
134,stevemartintogo,1,c
135,senwarren,1,p
136,whowhatwear,2,m
137,housedemocrats,2,p
138,ddlovato,1,c
139,kanyewest,2,c
140,theellenshow,1,c
141,actuallynph,2,c
142,johnlegend,1,c
143,realsimple,0,m
144,foramerica,0,p
145,rbreich,1,p
146,marieclaire,2,m
147,therock,2,c
148,mileycyrus,2,c
149,repronpaul,1,p
150,mufihannemann,1,p
151,iamqueenlatifah,2,c
152,johncena,0,c
153,entrepreneur,1,m
154,joejonas,1,c
155,nbaontnt,2,m
156,esquirenetwork,2,m
157,carmeloanthony,0,c
158,tyrabanks,2,c
159,johnkerry,2,p
160,danieltosh,2,c
161,uninoticias,2,m
162,mindykaling,2,c
163,50cent,1,c
164,kourtneykardash,2,c
165,georgehwbush,2,p
166,dwstweets,1,p
167,brunomars,1,c
168,andersoncooper,0,c
169,conanobrien,1,c
170,teamcantor,0,p
171,iggyazalea,2,c
172,sentedcruz,2,p
173,britneyspears,1,c
174,enews,0,m
175,npr,2,m
176,realdonaldtrump,0,p
177,tyga,1,c
178,gadgetlab,0,m
179,darrellissa,0,p
180,ericcantor,2,p
181,cosmopolitan,2,m
182,khloekardashian,1,c
183,wiredscience,1,m
184,nbatv,2,m
185,dccc,0,p
186,jessicaalba,1,c
187,jebbush,0,p
188,businessinsider,2,m
189,womenshealthmag,1,m
190,karlrove,0,p
191,condoleezzarice,1,p
192,nbc,0,m
193,digg,2,m
194,governorperry,1,p
195,billgates,2,c
196,sarahpalinusa,2,p
197,joetrippi,2,p
198,ew,2,m
199,foodandwine,2,m
200,sarahksilverman,2,c
201,buzzfeed,2,m
202,fortunemagazine,2,m
203,evalongoria,2,c
204,jtimberlake,2,c
205,azizansari,1,c
206,camerondallas,0,c
207,iamwill,0,c
208,younghollywood,1,m
209,serenawilliams,2,c
210,newtgingrich,1,p
211,govgaryjohnson,0,p
212,cntraveler,1,m
213,bet,0,m
214,history,0,m
215,senmikelee,1,p
216,ladygaga,1,c
217,cnbc,0,m
218,thedemocrats,1,p
219,politico,0,m
220,govwalker,1,p
221,sethmacfarlane,1,c
222,marcanthony,2,c
223,michelebachmann,2,p
224,washingtonpost,1,m
225,thr,1,m
226,travelchannel,1,m
227,ap,2,m
228,shawnmendes,2,c
229,snoopdogg,1,c
230,latimes,1,m
231,tmagazine,2,m
232,cnnmoney,2,m
233,voguemagazine,2,m
234,sai,0,m
235,inc,1,m
236,pink,2,c
237,ashleytisdale,1,c
238,shaq,1,c
239,stephencurry30,2,c
240,repjohnlewis,1,p
241,teenvogue,0,m
242,menshealthmag,2,m
243,alfranken,0,p
244,johnkingated,0,p
245,selenagomez,2,c
246,goodhealth,1,m
247,mittromney,0,p
248,jimdemint,2,p
249,realbencarson,0,p
250,massgovernor,1,p
251,pryan,2,p
252,bigsean,0,c
253,theatlantic,0,m
254,nytimes,0,m
255,krisjenner,1,c
256,jasoninthehouse,2,p
257,sciencechannel,1,m
258,kingjames,1,c
259,espndeportes,2,m
260,madam_president,1,p
261,parenting,1,m
262,ambassadorrice,0,p
263,newyorker,1,m
264,wired,1,m
265,wizkhalifa,2,c
266,senjohnmccain,0,p
267,weatherchannel,1,m
268,timkaine,0,p
269,ericgarcetti,1,p
270,barackobama,0,p
271,davidaxelrod,0,p
272,lindsaylohan,1,c
273,robertdowneyjr,0,c
274,wendydavis,1,p
275,nflnetwork,2,m
276,nickjonas,0,c
277,life,2,m
278,jimmyfallon,1,c
279,jeffarazzi,0,p
280,chrischristie,0,p
281,justinbieber,2,c
282,scottwalker,1,p
283,preetbharara,0,p
284,berniesanders,2,p
285,pitbull,1,c
286,tppatriots,2,p
287,maroon5,1,c
288,marvel,2,m
