,User,Partition,Type
0,algore,1,p
1,jlo,2,c
2,ludacris,0,c
3,chrisbrown,2,c
4,channingtatum,2,c
5,thehill,0,m
6,mashable,0,m
7,leodicaprio,1,c
8,borisjohnson,0,p
9,ciara,2,c
10,thereval,1,p
11,newsweek,0,m
12,marcorubio,1,p
13,johnkasich,1,p
14,tgowdysc,1,p
15,johnemichel,1,p
16,freedomworks,0,p
17,sengillibrand,0,p
18,jessicasimpson,0,c
19,kyliejenner,2,c
20,kendricklamar,2,c
21,austinmahone,2,c
22,bobbyjindal,1,p
23,salahitareq,2,p
24,nickiminaj,2,c
25,nytimesworld,0,m
26,billclinton,0,p
27,techcrunch,0,m
28,foxsports,0,m
29,travelleisure,0,m
30,corybooker,1,p
31,kobebryant,0,c
32,nasahqphoto,1,p
33,arianagrande,2,c
34,tedcruz,1,p
35,sensanders,1,p
36,lukebryanonline,2,c
37,lindasuhler,1,p
38,carlyfiorina,1,p
39,comedycentral,2,m
40,jcolenc,2,c
41,fastcompany,0,m
42,kdtrey5,0,c
43,gabbygiffords,0,p
44,thehermancain,1,p
45,jimcarrey,0,c
46,katyperry,2,c
47,pharrell,2,c
48,pbs,1,m
49,marketwatch,0,m
50,reince,1,p
51,vanityfair,0,m
52,aplusk,2,c
53,wsj,0,m
54,joebiden,0,p
55,lagarde,0,p
56,nikkihaley,0,p
57,mcfaul,1,p
58,nickelodeontv,2,m
59,senatorreid,1,p
60,kevinhart4real,2,c
61,victoriajustice,2,c
62,ryanseacrest,2,c
63,speakerryan,1,p
64,charliesheen,2,c
65,parentsmagazine,2,m
66,natgeophotos,0,m
67,jimmykimmel,2,c
68,nytimesarts,0,m
69,people,0,m
70,mariahcarey,2,c
71,ellemagazine,0,m
72,foxnews,0,m
73,kimkardashian,2,c
74,astro_jose,2,p
75,wwd,0,m
76,usher,2,c
77,thenextweb,0,m
78,liltunechi,0,c
79,billboard,0,m
80,gavinnewsom,1,p
81,rollingstone,0,m
82,iamdiddy,2,c
83,cnni,0,m
84,govmikehuckabee,1,p
85,nancypelosi,1,p
86,espnstatsinfo,0,m
87,abc,0,m
88,cbsnews,0,m
89,oprah,2,c
90,natgeotravel,0,m
91,harvardbiz,1,m
92,tmz,0,m
93,randpaul,1,p
94,kendalljenner,2,c
95,xtina,2,c
96,ricksantorum,1,p
97,govchristie,2,p
98,stephenathome,0,c
99,ronpaul,1,p
100,nytimesbooks,0,m
101,taylorswift13,2,c
102,sciam,2,m
103,gov,1,m
104,parishilton,2,c
105,gop,1,p
106,speakerboehner,1,p
107,discovery,2,m
108,usatoday,0,m
109,billpostmus,1,p
110,hillaryclinton,1,p
111,slate,0,m
112,twitterapi,0,m
113,business,0,m
114,mirandacosgrove,2,c
115,lmfao,2,c
116,nbcnews,0,m
117,univision,0,m
118,elizabethforma,0,p
119,treysongz,2,c
120,eminem,0,c
121,bw,1,m
122,aliciakeys,2,c
123,jerrybrowngov,1,p
124,kelly_clarkson,2,c
125,kasimreed,1,p
126,usweekly,0,m
127,blakeshelton,2,c
128,hbo,2,m
129,zacefron,2,c
130,potus,0,p
131,donnabrazile,1,p
132,senschumer,1,p
133,nprpolitics,0,m
134,stevemartintogo,0,c
135,senwarren,0,p
136,whowhatwear,0,m
137,housedemocrats,0,p
138,ddlovato,2,c
139,kanyewest,2,c
140,theellenshow,0,c
141,actuallynph,2,c
142,johnlegend,1,c
143,realsimple,2,m
144,foramerica,1,p
145,rbreich,0,p
146,marieclaire,0,m
147,therock,2,c
148,mileycyrus,2,c
149,repronpaul,1,p
150,mufihannemann,1,p
151,iamqueenlatifah,2,c
152,johncena,2,c
153,entrepreneur,0,m
154,joejonas,2,c
155,nbaontnt,2,m
156,esquirenetwork,2,m
157,carmeloanthony,2,c
158,tyrabanks,2,c
159,johnkerry,0,p
160,danieltosh,0,c
161,uninoticias,0,m
162,mindykaling,2,c
163,50cent,2,c
164,kourtneykardash,2,c
165,georgehwbush,0,p
166,dwstweets,1,p
167,brunomars,2,c
168,andersoncooper,2,c
169,conanobrien,0,c
170,teamcantor,1,p
171,iggyazalea,2,c
172,sentedcruz,1,p
173,britneyspears,2,c
174,enews,0,m
175,npr,0,m
176,realdonaldtrump,0,p
177,tyga,2,c
178,gadgetlab,1,m
179,darrellissa,1,p
180,ericcantor,1,p
181,cosmopolitan,0,m
182,khloekardashian,2,c
183,wiredscience,2,m
184,nbatv,2,m
185,dccc,1,p
186,jessicaalba,2,c
187,jebbush,0,p
188,businessinsider,0,m
189,womenshealthmag,2,m
190,karlrove,1,p
191,condoleezzarice,1,p
192,nbc,2,m
193,digg,1,m
194,governorperry,1,p
195,billgates,2,c
196,sarahpalinusa,1,p
197,joetrippi,1,p
198,ew,0,m
199,foodandwine,0,m
200,sarahksilverman,2,c
201,buzzfeed,0,m
202,fortunemagazine,0,m
203,evalongoria,2,c
204,jtimberlake,2,c
205,azizansari,2,c
206,camerondallas,2,c
207,iamwill,2,c
208,younghollywood,2,m
209,serenawilliams,2,c
210,newtgingrich,1,p
211,govgaryjohnson,1,p
212,cntraveler,2,m
213,bet,0,m
214,history,2,m
215,senmikelee,1,p
216,ladygaga,2,c
217,cnbc,0,m
218,thedemocrats,1,p
219,politico,0,m
220,govwalker,1,p
221,sethmacfarlane,2,c
222,marcanthony,2,c
223,michelebachmann,1,p
224,washingtonpost,0,m
225,thr,0,m
226,travelchannel,2,m
227,ap,0,m
228,shawnmendes,2,c
229,snoopdogg,2,c
230,latimes,0,m
231,tmagazine,0,m
232,cnnmoney,0,m
233,voguemagazine,0,m
234,sai,1,m
235,inc,0,m
236,pink,2,c
237,ashleytisdale,2,c
238,shaq,2,c
239,stephencurry30,0,c
240,repjohnlewis,0,p
241,teenvogue,0,m
242,menshealthmag,0,m
243,alfranken,0,p
244,johnkingated,1,p
245,selenagomez,2,c
246,goodhealth,2,m
247,mittromney,0,p
248,jimdemint,1,p
249,realbencarson,1,p
250,massgovernor,0,p
251,pryan,1,p
252,bigsean,2,c
253,theatlantic,0,m
254,nytimes,0,m
255,krisjenner,2,c
256,jasoninthehouse,1,p
257,sciencechannel,2,m
258,kingjames,2,c
259,espndeportes,1,m
260,madam_president,1,p
261,parenting,0,m
262,ambassadorrice,1,p
263,newyorker,0,m
264,wired,0,m
265,wizkhalifa,2,c
266,senjohnmccain,1,p
267,weatherchannel,0,m
268,timkaine,1,p
269,ericgarcetti,1,p
270,barackobama,0,p
271,davidaxelrod,0,p
272,lindsaylohan,2,c
273,robertdowneyjr,2,c
274,wendydavis,1,p
275,nflnetwork,1,m
276,nickjonas,2,c
277,life,0,m
278,jimmyfallon,0,c
279,jeffarazzi,1,p
280,chrischristie,1,p
281,justinbieber,2,c
282,scottwalker,1,p
283,preetbharara,1,p
284,berniesanders,1,p
285,pitbull,2,c
286,tppatriots,1,p
287,maroon5,2,c
288,marvel,2,m
