,User,Partition,Type
0,algore,2,p
1,jlo,1,c
2,ludacris,3,c
3,chrisbrown,1,c
4,channingtatum,1,c
5,thehill,3,m
6,mashable,3,m
7,leodicaprio,2,c
8,borisjohnson,3,p
9,ciara,1,c
10,thereval,2,p
11,newsweek,2,m
12,marcorubio,0,p
13,johnkasich,0,p
14,tgowdysc,0,p
15,johnemichel,0,p
16,freedomworks,0,p
17,sengillibrand,2,p
18,jessicasimpson,3,c
19,kyliejenner,1,c
20,kendricklamar,1,c
21,austinmahone,1,c
22,bobbyjindal,0,p
23,salahitareq,1,p
24,nickiminaj,1,c
25,nytimesworld,3,m
26,billclinton,2,p
27,techcrunch,3,m
28,foxsports,3,m
29,travelleisure,3,m
30,corybooker,2,p
31,kobebryant,1,c
32,nasahqphoto,2,p
33,arianagrande,1,c
34,tedcruz,0,p
35,sensanders,2,p
36,lukebryanonline,1,c
37,lindasuhler,0,p
38,carlyfiorina,0,p
39,comedycentral,1,m
40,jcolenc,1,c
41,fastcompany,3,m
42,kdtrey5,3,c
43,gabbygiffords,2,p
44,thehermancain,0,p
45,jimcarrey,3,c
46,katyperry,1,c
47,pharrell,1,c
48,pbs,2,m
49,marketwatch,3,m
50,reince,0,p
51,vanityfair,3,m
52,aplusk,1,c
53,wsj,3,m
54,joebiden,2,p
55,lagarde,3,p
56,nikkihaley,3,p
57,mcfaul,2,p
58,nickelodeontv,1,m
59,senatorreid,2,p
60,kevinhart4real,1,c
61,victoriajustice,1,c
62,ryanseacrest,1,c
63,speakerryan,0,p
64,charliesheen,1,c
65,parentsmagazine,1,m
66,natgeophotos,3,m
67,jimmykimmel,1,c
68,nytimesarts,3,m
69,people,3,m
70,mariahcarey,1,c
71,ellemagazine,3,m
72,foxnews,3,m
73,kimkardashian,1,c
74,astro_jose,1,p
75,wwd,3,m
76,usher,1,c
77,thenextweb,3,m
78,liltunechi,1,c
79,billboard,3,m
80,gavinnewsom,2,p
81,rollingstone,3,m
82,iamdiddy,1,c
83,cnni,3,m
84,govmikehuckabee,0,p
85,nancypelosi,2,p
86,espnstatsinfo,3,m
87,abc,3,m
88,cbsnews,3,m
89,oprah,1,c
90,natgeotravel,1,m
91,harvardbiz,0,m
92,tmz,3,m
93,randpaul,0,p
94,kendalljenner,1,c
95,xtina,1,c
96,ricksantorum,0,p
97,govchristie,1,p
98,stephenathome,3,c
99,ronpaul,0,p
100,nytimesbooks,3,m
101,taylorswift13,1,c
102,sciam,1,m
103,gov,2,m
104,parishilton,1,c
105,gop,0,p
106,speakerboehner,0,p
107,discovery,1,m
108,usatoday,3,m
109,billpostmus,0,p
110,hillaryclinton,2,p
111,slate,3,m
112,twitterapi,0,m
113,business,3,m
114,mirandacosgrove,1,c
115,lmfao,1,c
116,nbcnews,3,m
117,univision,3,m
118,elizabethforma,2,p
119,treysongz,1,c
120,eminem,1,c
121,bw,2,m
122,aliciakeys,1,c
123,jerrybrowngov,2,p
124,kelly_clarkson,1,c
125,kasimreed,2,p
126,usweekly,3,m
127,blakeshelton,1,c
128,hbo,1,m
129,zacefron,1,c
130,potus,3,p
131,donnabrazile,2,p
132,senschumer,2,p
133,nprpolitics,3,m
134,stevemartintogo,3,c
135,senwarren,2,p
136,whowhatwear,3,m
137,housedemocrats,2,p
138,ddlovato,1,c
139,kanyewest,1,c
140,theellenshow,3,c
141,actuallynph,1,c
142,johnlegend,2,c
143,realsimple,1,m
144,foramerica,0,p
145,rbreich,2,p
146,marieclaire,1,m
147,therock,1,c
148,mileycyrus,1,c
149,repronpaul,0,p
150,mufihannemann,2,p
151,iamqueenlatifah,1,c
152,johncena,1,c
153,entrepreneur,3,m
154,joejonas,1,c
155,nbaontnt,1,m
156,esquirenetwork,1,m
157,carmeloanthony,1,c
158,tyrabanks,1,c
159,johnkerry,2,p
160,danieltosh,3,c
161,uninoticias,3,m
162,mindykaling,1,c
163,50cent,1,c
164,kourtneykardash,1,c
165,georgehwbush,3,p
166,dwstweets,2,p
167,brunomars,1,c
168,andersoncooper,2,c
169,conanobrien,3,c
170,teamcantor,0,p
171,iggyazalea,1,c
172,sentedcruz,0,p
173,britneyspears,1,c
174,enews,3,m
175,npr,3,m
176,realdonaldtrump,0,p
177,tyga,1,c
178,gadgetlab,1,m
179,darrellissa,0,p
180,ericcantor,0,p
181,cosmopolitan,3,m
182,khloekardashian,1,c
183,wiredscience,2,m
184,nbatv,1,m
185,dccc,2,p
186,jessicaalba,1,c
187,jebbush,0,p
188,businessinsider,3,m
189,womenshealthmag,1,m
190,karlrove,0,p
191,condoleezzarice,2,p
192,nbc,1,m
193,digg,0,m
194,governorperry,0,p
195,billgates,1,c
196,sarahpalinusa,0,p
197,joetrippi,2,p
198,ew,3,m
199,foodandwine,3,m
200,sarahksilverman,2,c
201,buzzfeed,3,m
202,fortunemagazine,3,m
203,evalongoria,1,c
204,jtimberlake,1,c
205,azizansari,1,c
206,camerondallas,1,c
207,iamwill,1,c
208,younghollywood,1,m
209,serenawilliams,2,c
210,newtgingrich,0,p
211,govgaryjohnson,0,p
212,cntraveler,1,m
213,bet,1,m
214,history,1,m
215,senmikelee,0,p
216,ladygaga,1,c
217,cnbc,3,m
218,thedemocrats,2,p
219,politico,3,m
220,govwalker,0,p
221,sethmacfarlane,2,c
222,marcanthony,1,c
223,michelebachmann,0,p
224,washingtonpost,3,m
225,thr,3,m
226,travelchannel,1,m
227,ap,3,m
228,shawnmendes,1,c
229,snoopdogg,1,c
230,latimes,3,m
231,tmagazine,3,m
232,cnnmoney,3,m
233,voguemagazine,3,m
234,sai,0,m
235,inc,3,m
236,pink,2,c
237,ashleytisdale,1,c
238,shaq,1,c
239,stephencurry30,1,c
240,repjohnlewis,2,p
241,teenvogue,3,m
242,menshealthmag,3,m
243,alfranken,2,p
244,johnkingated,2,p
245,selenagomez,1,c
246,goodhealth,1,m
247,mittromney,3,p
248,jimdemint,0,p
249,realbencarson,0,p
250,massgovernor,2,p
251,pryan,0,p
252,bigsean,1,c
253,theatlantic,3,m
254,nytimes,3,m
255,krisjenner,1,c
256,jasoninthehouse,0,p
257,sciencechannel,1,m
258,kingjames,1,c
259,espndeportes,2,m
260,madam_president,2,p
261,parenting,3,m
262,ambassadorrice,2,p
263,newyorker,2,m
264,wired,3,m
265,wizkhalifa,1,c
266,senjohnmccain,0,p
267,weatherchannel,3,m
268,timkaine,2,p
269,ericgarcetti,2,p
270,barackobama,2,p
271,davidaxelrod,2,p
272,lindsaylohan,1,c
273,robertdowneyjr,1,c
274,wendydavis,2,p
275,nflnetwork,2,m
276,nickjonas,1,c
277,life,3,m
278,jimmyfallon,1,c
279,jeffarazzi,1,p
280,chrischristie,0,p
281,justinbieber,1,c
282,scottwalker,0,p
283,preetbharara,2,p
284,berniesanders,2,p
285,pitbull,1,c
286,tppatriots,0,p
287,maroon5,1,c
288,marvel,1,m
