,User,Partition,Type
0,algore,3,p
1,jlo,0,c
2,ludacris,0,c
3,chrisbrown,0,c
4,channingtatum,0,c
5,thehill,2,m
6,mashable,0,m
7,leodicaprio,1,c
8,borisjohnson,1,p
9,ciara,0,c
10,thereval,3,p
11,newsweek,3,m
12,marcorubio,2,p
13,johnkasich,2,p
14,tgowdysc,2,p
15,johnemichel,1,p
16,freedomworks,2,p
17,sengillibrand,3,p
18,jessicasimpson,1,c
19,kyliejenner,0,c
20,kendricklamar,1,c
21,austinmahone,0,c
22,bobbyjindal,2,p
23,salahitareq,1,p
24,nickiminaj,0,c
25,nytimesworld,3,m
26,billclinton,3,p
27,techcrunch,1,m
28,foxsports,3,m
29,travelleisure,1,m
30,corybooker,3,p
31,kobebryant,0,c
32,nasahqphoto,1,p
33,arianagrande,0,c
34,tedcruz,2,p
35,sensanders,3,p
36,lukebryanonline,0,c
37,lindasuhler,2,p
38,carlyfiorina,2,p
39,comedycentral,1,m
40,jcolenc,1,c
41,fastcompany,1,m
42,kdtrey5,1,c
43,gabbygiffords,3,p
44,thehermancain,2,p
45,jimcarrey,1,c
46,katyperry,0,c
47,pharrell,0,c
48,pbs,1,m
49,marketwatch,1,m
50,reince,2,p
51,vanityfair,1,m
52,aplusk,1,c
53,wsj,2,m
54,joebiden,3,p
55,lagarde,1,p
56,nikkihaley,1,p
57,mcfaul,3,p
58,nickelodeontv,0,m
59,senatorreid,3,p
60,kevinhart4real,0,c
61,victoriajustice,0,c
62,ryanseacrest,0,c
63,speakerryan,2,p
64,charliesheen,1,c
65,parentsmagazine,1,m
66,natgeophotos,1,m
67,jimmykimmel,0,c
68,nytimesarts,1,m
69,people,0,m
70,mariahcarey,0,c
71,ellemagazine,0,m
72,foxnews,2,m
73,kimkardashian,0,c
74,astro_jose,1,p
75,wwd,0,m
76,usher,0,c
77,thenextweb,1,m
78,liltunechi,1,c
79,billboard,0,m
80,gavinnewsom,3,p
81,rollingstone,0,m
82,iamdiddy,0,c
83,cnni,1,m
84,govmikehuckabee,2,p
85,nancypelosi,3,p
86,espnstatsinfo,3,m
87,abc,3,m
88,cbsnews,3,m
89,oprah,0,c
90,natgeotravel,1,m
91,harvardbiz,1,m
92,tmz,1,m
93,randpaul,2,p
94,kendalljenner,0,c
95,xtina,0,c
96,ricksantorum,2,p
97,govchristie,1,p
98,stephenathome,1,c
99,ronpaul,1,p
100,nytimesbooks,1,m
101,taylorswift13,0,c
102,sciam,1,m
103,gov,2,m
104,parishilton,0,c
105,gop,2,p
106,speakerboehner,2,p
107,discovery,1,m
108,usatoday,3,m
109,billpostmus,2,p
110,hillaryclinton,3,p
111,slate,3,m
112,twitterapi,1,m
113,business,3,m
114,mirandacosgrove,0,c
115,lmfao,1,c
116,nbcnews,2,m
117,univision,1,m
118,elizabethforma,3,p
119,treysongz,0,c
120,eminem,1,c
121,bw,1,m
122,aliciakeys,0,c
123,jerrybrowngov,3,p
124,kelly_clarkson,0,c
125,kasimreed,3,p
126,usweekly,0,m
127,blakeshelton,0,c
128,hbo,0,m
129,zacefron,0,c
130,potus,3,p
131,donnabrazile,3,p
132,senschumer,3,p
133,nprpolitics,3,m
134,stevemartintogo,1,c
135,senwarren,3,p
136,whowhatwear,1,m
137,housedemocrats,3,p
138,ddlovato,0,c
139,kanyewest,0,c
140,theellenshow,0,c
141,actuallynph,1,c
142,johnlegend,3,c
143,realsimple,1,m
144,foramerica,2,p
145,rbreich,3,p
146,marieclaire,1,m
147,therock,0,c
148,mileycyrus,0,c
149,repronpaul,1,p
150,mufihannemann,1,p
151,iamqueenlatifah,0,c
152,johncena,0,c
153,entrepreneur,1,m
154,joejonas,0,c
155,nbaontnt,1,m
156,esquirenetwork,0,m
157,carmeloanthony,1,c
158,tyrabanks,0,c
159,johnkerry,1,p
160,danieltosh,1,c
161,uninoticias,1,m
162,mindykaling,0,c
163,50cent,0,c
164,kourtneykardash,0,c
165,georgehwbush,1,p
166,dwstweets,3,p
167,brunomars,0,c
168,andersoncooper,1,c
169,conanobrien,1,c
170,teamcantor,2,p
171,iggyazalea,0,c
172,sentedcruz,2,p
173,britneyspears,0,c
174,enews,0,m
175,npr,3,m
176,realdonaldtrump,2,p
177,tyga,0,c
178,gadgetlab,1,m
179,darrellissa,2,p
180,ericcantor,2,p
181,cosmopolitan,0,m
182,khloekardashian,0,c
183,wiredscience,1,m
184,nbatv,1,m
185,dccc,3,p
186,jessicaalba,0,c
187,jebbush,2,p
188,businessinsider,2,m
189,womenshealthmag,1,m
190,karlrove,2,p
191,condoleezzarice,1,p
192,nbc,0,m
193,digg,1,m
194,governorperry,2,p
195,billgates,1,c
196,sarahpalinusa,2,p
197,joetrippi,3,p
198,ew,0,m
199,foodandwine,1,m
200,sarahksilverman,3,c
201,buzzfeed,0,m
202,fortunemagazine,0,m
203,evalongoria,1,c
204,jtimberlake,0,c
205,azizansari,0,c
206,camerondallas,1,c
207,iamwill,0,c
208,younghollywood,0,m
209,serenawilliams,1,c
210,newtgingrich,2,p
211,govgaryjohnson,2,p
212,cntraveler,1,m
213,bet,0,m
214,history,1,m
215,senmikelee,2,p
216,ladygaga,0,c
217,cnbc,2,m
218,thedemocrats,3,p
219,politico,2,m
220,govwalker,1,p
221,sethmacfarlane,1,c
222,marcanthony,1,c
223,michelebachmann,2,p
224,washingtonpost,3,m
225,thr,0,m
226,travelchannel,1,m
227,ap,3,m
228,shawnmendes,0,c
229,snoopdogg,0,c
230,latimes,3,m
231,tmagazine,1,m
232,cnnmoney,1,m
233,voguemagazine,0,m
234,sai,1,m
235,inc,1,m
236,pink,1,c
237,ashleytisdale,0,c
238,shaq,0,c
239,stephencurry30,1,c
240,repjohnlewis,3,p
241,teenvogue,1,m
242,menshealthmag,1,m
243,alfranken,1,p
244,johnkingated,1,p
245,selenagomez,0,c
246,goodhealth,1,m
247,mittromney,2,p
248,jimdemint,2,p
249,realbencarson,2,p
250,massgovernor,1,p
251,pryan,2,p
252,bigsean,0,c
253,theatlantic,3,m
254,nytimes,3,m
255,krisjenner,0,c
256,jasoninthehouse,2,p
257,sciencechannel,1,m
258,kingjames,0,c
259,espndeportes,1,m
260,madam_president,3,p
261,parenting,1,m
262,ambassadorrice,3,p
263,newyorker,3,m
264,wired,1,m
265,wizkhalifa,0,c
266,senjohnmccain,2,p
267,weatherchannel,1,m
268,timkaine,3,p
269,ericgarcetti,1,p
270,barackobama,3,p
271,davidaxelrod,3,p
272,lindsaylohan,0,c
273,robertdowneyjr,1,c
274,wendydavis,3,p
275,nflnetwork,1,m
276,nickjonas,0,c
277,life,1,m
278,jimmyfallon,0,c
279,jeffarazzi,1,p
280,chrischristie,2,p
281,justinbieber,0,c
282,scottwalker,2,p
283,preetbharara,1,p
284,berniesanders,3,p
285,pitbull,0,c
286,tppatriots,2,p
287,maroon5,0,c
288,marvel,0,m
