,User,Partition,Type
0,algore,1,p
1,jlo,0,c
2,ludacris,3,c
3,chrisbrown,0,c
4,channingtatum,0,c
5,thehill,1,m
6,mashable,3,m
7,leodicaprio,2,c
8,borisjohnson,1,p
9,ciara,0,c
10,thereval,2,p
11,newsweek,1,m
12,marcorubio,2,p
13,johnkasich,2,p
14,tgowdysc,2,p
15,johnemichel,2,p
16,freedomworks,1,p
17,sengillibrand,1,p
18,jessicasimpson,3,c
19,kyliejenner,0,c
20,kendricklamar,0,c
21,austinmahone,0,c
22,bobbyjindal,2,p
23,salahitareq,0,p
24,nickiminaj,3,c
25,nytimesworld,1,m
26,billclinton,1,p
27,techcrunch,3,m
28,foxsports,1,m
29,travelleisure,3,m
30,corybooker,2,p
31,kobebryant,3,c
32,nasahqphoto,2,p
33,arianagrande,3,c
34,tedcruz,2,p
35,sensanders,1,p
36,lukebryanonline,0,c
37,lindasuhler,2,p
38,carlyfiorina,2,p
39,comedycentral,0,m
40,jcolenc,3,c
41,fastcompany,3,m
42,kdtrey5,1,c
43,gabbygiffords,1,p
44,thehermancain,1,p
45,jimcarrey,3,c
46,katyperry,0,c
47,pharrell,3,c
48,pbs,2,m
49,marketwatch,1,m
50,reince,2,p
51,vanityfair,3,m
52,aplusk,0,c
53,wsj,1,m
54,joebiden,1,p
55,lagarde,1,p
56,nikkihaley,1,p
57,mcfaul,2,p
58,nickelodeontv,0,m
59,senatorreid,2,p
60,kevinhart4real,3,c
61,victoriajustice,0,c
62,ryanseacrest,3,c
63,speakerryan,2,p
64,charliesheen,0,c
65,parentsmagazine,0,m
66,natgeophotos,1,m
67,jimmykimmel,0,c
68,nytimesarts,3,m
69,people,3,m
70,mariahcarey,0,c
71,ellemagazine,3,m
72,foxnews,1,m
73,kimkardashian,3,c
74,astro_jose,0,p
75,wwd,3,m
76,usher,0,c
77,thenextweb,1,m
78,liltunechi,3,c
79,billboard,3,m
80,gavinnewsom,2,p
81,rollingstone,3,m
82,iamdiddy,0,c
83,cnni,1,m
84,govmikehuckabee,2,p
85,nancypelosi,1,p
86,espnstatsinfo,1,m
87,abc,1,m
88,cbsnews,1,m
89,oprah,0,c
90,natgeotravel,2,m
91,harvardbiz,2,m
92,tmz,3,m
93,randpaul,2,p
94,kendalljenner,0,c
95,xtina,3,c
96,ricksantorum,2,p
97,govchristie,0,p
98,stephenathome,1,c
99,ronpaul,2,p
100,nytimesbooks,3,m
101,taylorswift13,0,c
102,sciam,0,m
103,gov,2,m
104,parishilton,0,c
105,gop,1,p
106,speakerboehner,2,p
107,discovery,0,m
108,usatoday,1,m
109,billpostmus,2,p
110,hillaryclinton,2,p
111,slate,1,m
112,twitterapi,1,m
113,business,1,m
114,mirandacosgrove,0,c
115,lmfao,0,c
116,nbcnews,1,m
117,univision,3,m
118,elizabethforma,1,p
119,treysongz,0,c
120,eminem,3,c
121,bw,2,m
122,aliciakeys,0,c
123,jerrybrowngov,2,p
124,kelly_clarkson,3,c
125,kasimreed,2,p
126,usweekly,3,m
127,blakeshelton,3,c
128,hbo,0,m
129,zacefron,0,c
130,potus,1,p
131,donnabrazile,2,p
132,senschumer,2,p
133,nprpolitics,1,m
134,stevemartintogo,1,c
135,senwarren,1,p
136,whowhatwear,3,m
137,housedemocrats,1,p
138,ddlovato,0,c
139,kanyewest,3,c
140,theellenshow,3,c
141,actuallynph,0,c
142,johnlegend,2,c
143,realsimple,0,m
144,foramerica,2,p
145,rbreich,1,p
146,marieclaire,3,m
147,therock,0,c
148,mileycyrus,0,c
149,repronpaul,2,p
150,mufihannemann,2,p
151,iamqueenlatifah,0,c
152,johncena,0,c
153,entrepreneur,1,m
154,joejonas,0,c
155,nbaontnt,0,m
156,esquirenetwork,0,m
157,carmeloanthony,0,c
158,tyrabanks,0,c
159,johnkerry,1,p
160,danieltosh,3,c
161,uninoticias,1,m
162,mindykaling,0,c
163,50cent,0,c
164,kourtneykardash,0,c
165,georgehwbush,1,p
166,dwstweets,2,p
167,brunomars,0,c
168,andersoncooper,0,c
169,conanobrien,3,c
170,teamcantor,2,p
171,iggyazalea,3,c
172,sentedcruz,2,p
173,britneyspears,0,c
174,enews,3,m
175,npr,1,m
176,realdonaldtrump,1,p
177,tyga,0,c
178,gadgetlab,2,m
179,darrellissa,2,p
180,ericcantor,2,p
181,cosmopolitan,3,m
182,khloekardashian,3,c
183,wiredscience,2,m
184,nbatv,3,m
185,dccc,2,p
186,jessicaalba,0,c
187,jebbush,1,p
188,businessinsider,1,m
189,womenshealthmag,3,m
190,karlrove,2,p
191,condoleezzarice,2,p
192,nbc,0,m
193,digg,2,m
194,governorperry,2,p
195,billgates,3,c
196,sarahpalinusa,2,p
197,joetrippi,2,p
198,ew,3,m
199,foodandwine,3,m
200,sarahksilverman,2,c
201,buzzfeed,3,m
202,fortunemagazine,3,m
203,evalongoria,2,c
204,jtimberlake,0,c
205,azizansari,0,c
206,camerondallas,0,c
207,iamwill,0,c
208,younghollywood,3,m
209,serenawilliams,0,c
210,newtgingrich,2,p
211,govgaryjohnson,2,p
212,cntraveler,2,m
213,bet,3,m
214,history,0,m
215,senmikelee,2,p
216,ladygaga,0,c
217,cnbc,1,m
218,thedemocrats,1,p
219,politico,1,m
220,govwalker,2,p
221,sethmacfarlane,0,c
222,marcanthony,0,c
223,michelebachmann,2,p
224,washingtonpost,1,m
225,thr,3,m
226,travelchannel,0,m
227,ap,1,m
228,shawnmendes,0,c
229,snoopdogg,0,c
230,latimes,1,m
231,tmagazine,3,m
232,cnnmoney,1,m
233,voguemagazine,3,m
234,sai,2,m
235,inc,3,m
236,pink,0,c
237,ashleytisdale,0,c
238,shaq,0,c
239,stephencurry30,3,c
240,repjohnlewis,1,p
241,teenvogue,3,m
242,menshealthmag,3,m
243,alfranken,1,p
244,johnkingated,2,p
245,selenagomez,0,c
246,goodhealth,0,m
247,mittromney,1,p
248,jimdemint,2,p
249,realbencarson,2,p
250,massgovernor,1,p
251,pryan,1,p
252,bigsean,0,c
253,theatlantic,1,m
254,nytimes,1,m
255,krisjenner,0,c
256,jasoninthehouse,2,p
257,sciencechannel,0,m
258,kingjames,0,c
259,espndeportes,2,m
260,madam_president,2,p
261,parenting,3,m
262,ambassadorrice,2,p
263,newyorker,3,m
264,wired,1,m
265,wizkhalifa,0,c
266,senjohnmccain,2,p
267,weatherchannel,1,m
268,timkaine,2,p
269,ericgarcetti,2,p
270,barackobama,3,p
271,davidaxelrod,1,p
272,lindsaylohan,0,c
273,robertdowneyjr,3,c
274,wendydavis,2,p
275,nflnetwork,2,m
276,nickjonas,0,c
277,life,1,m
278,jimmyfallon,3,c
279,jeffarazzi,2,p
280,chrischristie,2,p
281,justinbieber,0,c
282,scottwalker,2,p
283,preetbharara,2,p
284,berniesanders,2,p
285,pitbull,0,c
286,tppatriots,1,p
287,maroon5,0,c
288,marvel,0,m
