,User,Partition,Type
0,algore,2,p
1,jlo,0,c
2,ludacris,3,c
3,chrisbrown,3,c
4,channingtatum,0,c
5,thehill,2,m
6,mashable,0,m
7,leodicaprio,2,c
8,borisjohnson,0,p
9,ciara,3,c
10,thereval,0,p
11,newsweek,2,m
12,marcorubio,2,p
13,johnkasich,1,p
14,tgowdysc,1,p
15,johnemichel,0,p
16,freedomworks,0,p
17,sengillibrand,2,p
18,jessicasimpson,0,c
19,kyliejenner,3,c
20,kendricklamar,0,c
21,austinmahone,3,c
22,bobbyjindal,1,p
23,salahitareq,3,p
24,nickiminaj,0,c
25,nytimesworld,2,m
26,billclinton,0,p
27,techcrunch,2,m
28,foxsports,0,m
29,travelleisure,2,m
30,corybooker,0,p
31,kobebryant,2,c
32,nasahqphoto,0,p
33,arianagrande,3,c
34,tedcruz,1,p
35,sensanders,2,p
36,lukebryanonline,0,c
37,lindasuhler,1,p
38,carlyfiorina,1,p
39,comedycentral,0,m
40,jcolenc,0,c
41,fastcompany,0,m
42,kdtrey5,0,c
43,gabbygiffords,1,p
44,thehermancain,2,p
45,jimcarrey,3,c
46,katyperry,0,c
47,pharrell,0,c
48,pbs,0,m
49,marketwatch,0,m
50,reince,0,p
51,vanityfair,2,m
52,aplusk,2,c
53,wsj,0,m
54,joebiden,2,p
55,lagarde,0,p
56,nikkihaley,3,p
57,mcfaul,2,p
58,nickelodeontv,3,m
59,senatorreid,3,p
60,kevinhart4real,3,c
61,victoriajustice,1,c
62,ryanseacrest,0,c
63,speakerryan,0,p
64,charliesheen,0,c
65,parentsmagazine,3,m
66,natgeophotos,0,m
67,jimmykimmel,3,c
68,nytimesarts,3,m
69,people,0,m
70,mariahcarey,0,c
71,ellemagazine,3,m
72,foxnews,0,m
73,kimkardashian,3,c
74,astro_jose,3,p
75,wwd,2,m
76,usher,0,c
77,thenextweb,3,m
78,liltunechi,2,c
79,billboard,3,m
80,gavinnewsom,3,p
81,rollingstone,0,m
82,iamdiddy,1,c
83,cnni,0,m
84,govmikehuckabee,2,p
85,nancypelosi,2,p
86,espnstatsinfo,2,m
87,abc,2,m
88,cbsnews,0,m
89,oprah,0,c
90,natgeotravel,0,m
91,harvardbiz,0,m
92,tmz,3,m
93,randpaul,1,p
94,kendalljenner,0,c
95,xtina,3,c
96,ricksantorum,0,p
97,govchristie,2,p
98,stephenathome,3,c
99,ronpaul,0,p
100,nytimesbooks,3,m
101,taylorswift13,0,c
102,sciam,0,m
103,gov,0,m
104,parishilton,0,c
105,gop,3,p
106,speakerboehner,2,p
107,discovery,1,m
108,usatoday,0,m
109,billpostmus,0,p
110,hillaryclinton,0,p
111,slate,0,m
112,twitterapi,0,m
113,business,0,m
114,mirandacosgrove,0,c
115,lmfao,2,c
116,nbcnews,3,m
117,univision,0,m
118,elizabethforma,0,p
119,treysongz,0,c
120,eminem,3,c
121,bw,2,m
122,aliciakeys,3,c
123,jerrybrowngov,2,p
124,kelly_clarkson,0,c
125,kasimreed,3,p
126,usweekly,3,m
127,blakeshelton,3,c
128,hbo,3,m
129,zacefron,3,c
130,potus,2,p
131,donnabrazile,0,p
132,senschumer,0,p
133,nprpolitics,2,m
134,stevemartintogo,0,c
135,senwarren,0,p
136,whowhatwear,3,m
137,housedemocrats,3,p
138,ddlovato,0,c
139,kanyewest,3,c
140,theellenshow,0,c
141,actuallynph,2,c
142,johnlegend,3,c
143,realsimple,1,m
144,foramerica,2,p
145,rbreich,0,p
146,marieclaire,3,m
147,therock,3,c
148,mileycyrus,3,c
149,repronpaul,0,p
150,mufihannemann,0,p
151,iamqueenlatifah,3,c
152,johncena,2,c
153,entrepreneur,0,m
154,joejonas,0,c
155,nbaontnt,0,m
156,esquirenetwork,3,m
157,carmeloanthony,2,c
158,tyrabanks,0,c
159,johnkerry,3,p
160,danieltosh,3,c
161,uninoticias,0,m
162,mindykaling,3,c
163,50cent,0,c
164,kourtneykardash,3,c
165,georgehwbush,3,p
166,dwstweets,0,p
167,brunomars,0,c
168,andersoncooper,0,c
169,conanobrien,0,c
170,teamcantor,1,p
171,iggyazalea,3,c
172,sentedcruz,3,p
173,britneyspears,0,c
174,enews,0,m
175,npr,3,m
176,realdonaldtrump,1,p
177,tyga,0,c
178,gadgetlab,1,m
179,darrellissa,0,p
180,ericcantor,0,p
181,cosmopolitan,3,m
182,khloekardashian,0,c
183,wiredscience,0,m
184,nbatv,3,m
185,dccc,0,p
186,jessicaalba,0,c
187,jebbush,1,p
188,businessinsider,3,m
189,womenshealthmag,1,m
190,karlrove,1,p
191,condoleezzarice,0,p
192,nbc,0,m
193,digg,3,m
194,governorperry,0,p
195,billgates,2,c
196,sarahpalinusa,3,p
197,joetrippi,3,p
198,ew,3,m
199,foodandwine,3,m
200,sarahksilverman,3,c
201,buzzfeed,3,m
202,fortunemagazine,3,m
203,evalongoria,0,c
204,jtimberlake,3,c
205,azizansari,0,c
206,camerondallas,1,c
207,iamwill,1,c
208,younghollywood,2,m
209,serenawilliams,3,c
210,newtgingrich,3,p
211,govgaryjohnson,0,p
212,cntraveler,0,m
213,bet,2,m
214,history,2,m
215,senmikelee,0,p
216,ladygaga,0,c
217,cnbc,1,m
218,thedemocrats,0,p
219,politico,0,m
220,govwalker,0,p
221,sethmacfarlane,0,c
222,marcanthony,3,c
223,michelebachmann,3,p
224,washingtonpost,0,m
225,thr,0,m
226,travelchannel,0,m
227,ap,3,m
228,shawnmendes,3,c
229,snoopdogg,0,c
230,latimes,0,m
231,tmagazine,3,m
232,cnnmoney,3,m
233,voguemagazine,3,m
234,sai,2,m
235,inc,3,m
236,pink,0,c
237,ashleytisdale,0,c
238,shaq,0,c
239,stephencurry30,3,c
240,repjohnlewis,0,p
241,teenvogue,2,m
242,menshealthmag,3,m
243,alfranken,0,p
244,johnkingated,0,p
245,selenagomez,3,c
246,goodhealth,0,m
247,mittromney,0,p
248,jimdemint,3,p
249,realbencarson,2,p
250,massgovernor,0,p
251,pryan,3,p
252,bigsean,2,c
253,theatlantic,1,m
254,nytimes,1,m
255,krisjenner,0,c
256,jasoninthehouse,3,p
257,sciencechannel,0,m
258,kingjames,2,c
259,espndeportes,3,m
260,madam_president,0,p
261,parenting,0,m
262,ambassadorrice,1,p
263,newyorker,0,m
264,wired,0,m
265,wizkhalifa,3,c
266,senjohnmccain,1,p
267,weatherchannel,0,m
268,timkaine,2,p
269,ericgarcetti,0,p
270,barackobama,0,p
271,davidaxelrod,2,p
272,lindsaylohan,0,c
273,robertdowneyjr,2,c
274,wendydavis,0,p
275,nflnetwork,3,m
276,nickjonas,2,c
277,life,3,m
278,jimmyfallon,0,c
279,jeffarazzi,1,p
280,chrischristie,0,p
281,justinbieber,3,c
282,scottwalker,0,p
283,preetbharara,2,p
284,berniesanders,3,p
285,pitbull,0,c
286,tppatriots,3,p
287,maroon5,0,c
288,marvel,3,m
